num_ID,date_ID,collectiondate,year,num_month,month,season,dayssince,age,sex,species,phase,latitude,longitude,culmen1,culmen2,middle_toe,total_head,total_tarsus,wing,thaw_mass,ingestafree_mass,defeathered_mass,wet_bodymass,dry_mass,ab_fat,blg,breast,fat_mass,fat_percent,protein_mass,protein_percent,water_mass,water_percent,ash_mass,ash_percent
195,10/5/15-1,10/5/2015,2015,10,October,1,0,J,F,GWFG,,34.46,-91.8,46.7,54.7,57,101.1,76.3,387,1808,1740.3,1677,1609.3,672.69,39.5,304.4,148.1,261.6080892,38.89,337.81,82.18,936.61,58.2,73.27,17.82
196,10/8/15-1,10/8/2015,2015,10,October,1,3,J,F,GWFG,,34.47,-91.79,44.1,53,64.1,103.4,83.2,375,1662,1637.2,1528,1503.2,628.34,18.5,300.8,147.1,160.5961235,25.56,377.84,80.78,874.86,58.2,89.9,19.22
130,10/10/15-1 ,10/10/2015,2015,10,October,1,5,A,M,GWFG,,34.48,-91.69,46.3,54.7,71.3,111,91.3,438,2544,2502.6,2380,2338.6,977.53,44,426.2,227.7,361.4979359,36.98,496.65,80.62,1361.07,58.2,119.39,19.38
131,10/10/15-2,10/10/2015,2015,10,October,1,5,A,M,GWFG,,34.47,-91.69,54.7,62.6,67,115,90.9,437,2338,2298.2,2193,2153.2,900.04,5.4,427.9,226.5,124.7927001,13.87,638.36,82.34,1253.16,58.2,136.89,17.66
133,10/10/15-4,10/10/2015,2015,10,October,1,5,A,F,GWFG,,34.47,-91.68,48.8,53.5,62.4,103.9,82.4,430,2190,2113.1,2041,1964.1,820.99,55.6,364.2,179.9,372.0031488,45.31,376.02,83.75,1143.11,58.2,72.97,16.25
134,10/11/15-1,10/11/2015,2015,10,October,1,6,J,M,GWFG,,34.47,-91.69,49.1,55.9,69.2,109.3,87.6,422,1963,1905,1839,1781,744.46,23.4,337.1,175,244.2985483,32.82,415.05,82.98,1036.54,58.2,85.11,17.02
135,10/11/15-2,10/11/2015,2015,10,October,1,6,A,M,GWFG,,34.47,-91.69,46.7,52.1,61.3,104.3,84.7,428,1892,1829.7,1693,1630.7,681.63,4.8,324.4,174.7,87.56098606,12.85,498.18,83.86,949.07,58.2,95.89,16.14
136,10/11/15-3,10/11/2015,2015,10,October,1,6,A,F,GWFG,,34.48,-91.69,50,55.1,61.1,104.4,83.6,414,2020,1967.1,1825,1772.1,740.74,45.4,319.3,174.1,312.0932575,42.13,356.47,83.16,1031.36,58.2,72.17,16.84
139,10/12/15-1,10/12/2015,2015,10,October,1,7,A,F,GWFG,,34.47,-91.69,46.1,53.3,64.6,105.8,83,399,2377,2317.4,2226,2166.4,905.56,36.9,410.8,199.3,347.7146955,38.4,459.12,82.3,1260.84,58.2,98.72,17.7
140,10/12/15-2,10/12/2015,2015,10,October,1,7,J,M,GWFG,,34.47,-91.69,51.2,61.9,68.5,114.2,87.5,412,2391,2323.6,2249,2181.6,911.91,77.7,398,193.5,437.5406951,47.98,395.51,83.38,1269.69,58.2,78.86,16.62
142,10/14/15-1,10/14/2015,2015,10,October,1,9,A,F,GWFG,,34.48,-91.8,50.7,60.2,63.9,109,84.9,419,2343,2309.6,2154,2120.6,886.41,61.5,371.4,200.4,383.4490149,43.26,422.44,83.99,1234.19,58.2,80.52,16.01
143,10/14/15-2,10/14/2015,2015,10,October,1,9,J,M,GWFG,,34.48,-91.8,56,66.4,68,115.2,88.4,394,2217,2183.7,2087,2053.7,858.45,50.6,381.8,219.8,334.772781,39,435.94,83.25,1195.25,58.2,87.73,16.75
144,10/15/15-1,10/15/2015,2015,10,October,1,10,J,M,GWFG,,34.48,-91.8,46.7,55.4,69.2,106,89.7,406,2211,2149.4,1988,1926.4,805.24,63.2,314.4,168.2,327.9514056,40.73,410.63,86.03,1121.16,58.2,66.66,13.97
145,10/15/15-2,10/15/2015,2015,10,October,1,10,J,M,GWFG,,34.48,-91.8,53,63.1,68.7,112.7,88.2,423,2317,2237.1,2140,2060.1,861.12,51.3,361.5,187.1,339.3411978,39.41,437.19,83.79,1198.98,58.2,84.59,16.21
146,10/15/15-3,10/15/2015,2015,10,October,1,10,A,M,GWFG,,34.47,-91.69,51.3,59.2,64.1,111.7,84.2,428,2359,2298.7,2176,2115.7,884.36,31.7,401.2,209.5,307.8685755,34.81,482.29,83.66,1231.34,58.2,94.2,16.34
147,10/15/15-4,10/15/2015,2015,10,October,1,10,A,F,SNGO,W,34.47,-91.69,56.2,64.5,62,112.1,96.6,422,2156,2053,2028,1925,746.9,13,361.7,166.2,177.1984146,23.72,469.59,82.43,1178.1,61.2,100.11,17.57
148,10/15/15-5,10/15/2015,2015,10,October,1,10,J,M,GWFG,,34.47,-91.69,50,58.3,66.3,110.5,86.8,398,2147,2103.6,2065,2021.6,845.03,71.4,335.4,172.5,407.4855336,48.22,370.4,84.66,1176.57,58.2,67.14,15.34
151,10/17/15-3,10/17/2015,2015,10,October,1,12,A,M,GWFG,,34.47,-91.8,51,56.4,64.2,107.8,88.9,441,2487,2350.4,2300,2163.4,904.3,39.4,402.4,222.7,292.7508808,32.37,513.56,83.98,1259.1,58.2,97.99,16.02
152,10/17/15-4,10/17/2015,2015,10,October,1,12,J,F,GWFG,,34.47,-91.8,51.2,59.7,64.5,108,86.7,398,2083,2033.5,1925,1875.5,783.96,36.3,347.4,191.9,281.5612126,35.92,411.53,81.91,1091.54,58.2,90.87,18.09
153,10/17/15-5,10/17/2015,2015,10,October,1,12,A,M,GWFG,,34.47,-91.8,54.3,60.5,66.9,112.7,90,443,2355,2237.5,2157,2039.5,852.51,14.2,356.5,210.2,181.9214658,21.34,550.87,82.15,1186.99,58.2,119.72,17.85
154,10/18/15-1,10/18/2015,2015,10,October,1,13,A,M,GWFG,,34.47,-91.8,54.3,61.7,72.9,113.4,92.2,438,2770,2702.3,2480,2412.3,1008.34,31.9,462.5,250.4,311.192964,30.86,561.4,80.53,1403.96,58.2,135.75,19.47
155,10/18/15-10,10/18/2015,2015,10,October,1,13,J,F,GWFG,,34.47,-91.8,47.3,54.5,62.2,103.5,81.5,401,2066,1976.2,1959,1869.2,781.33,62.1,317.6,156.8,369.4379391,41.99,370.43,81.73,1087.87,58.2,82.81,18.27
156,10/18/15-11,10/18/2015,2015,10,October,1,13,A,F,ROGO,W,34.47,-91.8,41.9,47.5,52.5,99.8,83.2,367,1546,1449.1,1428,1331.1,505.82,8.9,237.2,132.5,156.0703829,30.86,297.95,85.19,825.28,62,51.8,14.81
157,10/18/15-12,10/18/2015,2015,10,October,1,13,J,M,ROGO,W,34.47,-91.8,39.6,48.8,53.2,90.1,87.8,379,1539,1506.4,1399,1366.4,519.23,60.6,225.4,122.8,247.2518952,47.62,229.09,84.23,847.17,62,42.89,15.77
158,10/18/15-13,10/18/2015,2015,10,October,1,13,A,M,GWFG,,34.47,-91.8,53.2,59.3,63.1,111.9,87.5,422,2704,2625.8,2416,2337.8,977.2,68.4,384.7,210.6,308.8624592,44.82,446.84,82.86,1360.6,58.2,92.4,17.14
159,10/18/15-14,10/18/2015,2015,10,October,1,13,A,M,GWFG,,34.47,-91.8,54.3,62.9,66,113,89.1,421,2520,2417.2,2342,2239.2,935.99,34.6,428.8,234.2,377.3985761,31.64,524.02,81.9,1303.21,58.2,115.85,18.1
160,10/18/15-2,10/18/2015,2015,10,October,1,13,J,M,GWFG,,34.47,-91.8,53.2,61.1,65.2,111.2,87.2,415,2454,2380.5,2195,2121.5,886.79,69.7,383.8,177.7,169.8843768,41.66,438.12,84.68,1234.71,58.2,79.23,15.32
161,10/18/15-3,10/18/2015,2015,10,October,1,13,A,M,GWFG,,34.47,-91.8,56.9,66.3,66.3,116.2,88.3,433,2660,2590.7,2452,2382.7,995.97,30.1,459.1,239.5,308.2116338,31.01,567.82,82.64,1386.73,58.2,119.28,17.36
162,10/18/15-4,10/18/2015,2015,10,October,1,13,A,M,GWFG,,34.47,-91.8,53.3,58.6,63.5,113.2,86.4,423,2917,2836.9,2574,2493.9,1042.45,45,468.6,230.8,306.4202114,36.2,544.36,81.85,1451.45,58.2,120.69,18.15
163,10/18/15-5,10/18/2015,2015,10,October,1,13,A,F,SNGO,W,34.47,-91.8,53,63.6,62.2,110.1,95.6,422,2382,2309.5,2152,2079.5,806.85,40.7,367.9,183.5,328.6440598,40.73,397.42,83.11,1272.65,61.2,80.78,16.89
164,10/18/15-6,10/18/2015,2015,10,October,1,13,A,M,GWFG,,34.46,-91.78,46.3,54.2,63.9,105.7,80,438,2358,2242.4,2179,2063.4,862.5,12.6,395.2,198.4,360.1349263,19.7,574.1,82.89,1200.9,58.2,118.51,17.11
165,10/18/15-7,10/18/2015,2015,10,October,1,13,A,M,GWFG,,34.46,-91.78,51.8,60.1,71.6,110.5,88,432,2664,2554.5,2501,2391.5,999.65,46.5,451,231.9,328.0913417,30.83,574.1,83.03,1391.85,58.2,117.34,16.97
166,10/18/15-8,10/18/2015,2015,10,October,1,13,A,M,GWFG,,34.46,-91.78,57.7,64,73.8,118,93.4,441,2505,2437.4,2322,2254.4,942.34,33.3,421.3,228.9,437.9518773,32.52,503.78,79.22,1312.06,58.2,132.14,20.78
167,10/18/15-9,10/18/2015,2015,10,October,1,13,A,F,GWFG,,34.46,-91.78,48.8,56,65.4,106.2,88.4,426,2528,2424.6,2305,2201.6,920.27,44.4,387.7,207.1,296.1251695,39.13,466.06,83.21,1281.33,58.2,94.07,16.79
168,10/19/15-1,10/19/2015,2015,10,October,1,14,J,M,GWFG,,34.29,-91.41,51.7,61,66.4,114.7,89,414,2539,2496.5,2423,2380.5,995.05,94.6,419.5,230,485.1678889,48.76,427,83.74,1385.45,58.2,82.88,16.26
175,10/23/15-1,10/23/2015,2015,10,October,1,18,A,F,GWFG,,34.29,-91.48,49.1,55.5,62.8,104.7,84.2,416,2342,2263,2135,2056,859.41,51.7,356.4,175.7,432.4694783,50.32,361.32,84.63,1196.59,58.2,65.62,15.37
176,10/23/15-2,10/23/2015,2015,10,October,1,18,J,M,GWFG,,34.29,-91.48,54,61.3,73.3,115.2,91.4,419,2243,2202,2093,2052,857.74,28.8,409.8,220.5,254.099183,29.62,503.65,83.44,1194.26,58.2,99.99,16.56
177,10/23/15-3,10/23/2015,2015,10,October,1,18,J,F,SNGO,W,34.28,-91.47,52.9,62.2,62.2,109.3,90.3,404,2108,2051.8,1870,1813.8,703.75,79.9,277,133,359.2527209,51.05,288.6,83.77,1110.05,61.2,55.9,16.23
178,10/24/15-1,10/24/2015,2015,10,October,1,19,A,M,GWFG,,34.47,-91.68,50,59.3,64,113.1,86.8,429,2512,2387.3,2353,2228.3,931.43,28.4,440.6,210.4,300.1497509,32.22,513.33,81.32,1296.87,58.2,117.95,18.68
179,10/24/15-2,10/24/2015,2015,10,October,1,19,J,F,GWFG,,34.48,-91.68,47.7,54.6,61.5,102.3,82.4,389,1794,1740,1654,1600,668.8,42.1,309.8,150.2,292.3073555,43.71,313.07,83.15,931.2,58.2,63.42,16.85
180,10/24/15-3,10/24/2015,2015,10,October,1,19,A,M,GWFG,,34.46,-91.8,52.1,59.5,64.2,108.4,86.4,431,2594,2532.6,2379,2317.6,968.76,63.8,413.7,203.2,419.0195498,43.25,450.5,81.95,1348.84,58.2,99.23,18.05
181,10/24/15-4,10/24/2015,2015,10,October,1,19,A,F,GWFG,,34.47,-91.8,49,55.4,66.2,104.4,81.6,402,2125,2046.1,1961,1882.1,786.72,58.9,341.5,173.9,348.8453141,44.34,367.03,83.82,1095.38,58.2,70.84,16.18
204,11/12/15-1,11/12/2015,2015,11,November,1,38,A,M,GWFG,,33.7,-91.3,52.5,57.6,64.5,109.2,83.8,410,2618,2592.4,2437,2411.4,1007.97,92.6,429.1,228.1,548.8866678,54.45,383.77,83.6,1403.43,58.2,75.31,16.4
205,11/12/15-2,11/12/2015,2015,11,November,1,38,A,M,GWFG,,33.7,-91.3,49.5,56.1,64.3,104.7,89.4,433,2660,2610.8,2423,2373.8,992.25,63.9,470.7,253.8,437.6655046,44.11,454.05,81.87,1381.55,58.2,100.53,18.13
206,11/12/15-3,11/12/2015,2015,11,November,1,38,A,F,GWFG,,33.46,-91.4,49.2,59,66.6,109.8,87.4,420,2511,2414.6,2336,2239.6,936.15,43,438.8,218.8,328.81367,35.12,503.71,82.94,1303.45,58.2,103.63,17.06
207,11/12/15-4,11/12/2015,2015,11,November,1,38,A,F,GWFG,,33.46,-91.4,51,58.7,61.3,107.9,83.4,413,2509,2444.9,2292,2227.9,931.26,91.6,413.3,193.3,462.4431269,49.66,392.03,83.62,1296.64,58.2,76.79,16.38
208,11/12/15-5,11/12/2015,2015,11,November,1,38,A,M,GWFG,,33.46,-91.4,49,54.5,65.8,109.3,86.9,431,2680,2599.6,2507,2426.6,1014.32,30.7,493.6,239.6,306.229053,30.19,591.09,83.48,1412.28,58.2,117,16.52
209,11/12/15-6,11/12/2015,2015,11,November,1,38,A,F,GWFG,,33.46,-91.4,44.7,54,58,105.2,78.7,418,2299,2231.4,2083,2015.4,842.44,68.8,389.6,198.5,403.8614537,47.94,368.81,84.09,1172.96,58.2,69.76,15.91
210,11/13/15-1,11/13/2015,2015,11,November,1,39,A,F,GWFG,,33.46,-91.4,47.2,52.6,63,104.3,81.3,406,2217,2161.6,2079,2023.6,845.86,64,377.8,196.4,399.372432,47.21,370.15,82.9,1177.74,58.2,76.34,17.1
211,11/13/15-2,11/13/2015,2015,11,November,1,39,A,F,SNGO,W,33.53,-91.53,52.3,63.3,58.9,110.7,94.5,423,2504,2356.3,2359,2211.3,857.98,74.1,401.9,188.2,339.8804176,39.61,440,84.92,1353.32,61.2,78.1,15.08
212,11/13/15-3,11/13/2015,2015,11,November,1,39,A,M,GWFG,,33.53,-91.53,48.2,55,64.5,107.8,85.7,402,2464,2367.4,2345,2248.4,939.83,61.1,426,226.4,389.920134,41.49,465.51,84.65,1308.57,58.2,84.4,15.35
213,11/13/15-4,11/13/2015,2015,11,November,1,39,A,M,ROGO,W,33.53,-91.53,40.1,47.8,49.9,87.6,84.9,380,1743,1672,1602,1531,581.78,61.9,239.2,136.5,271.1882104,46.61,254.27,81.86,949.22,62,56.33,18.14
214,11/13/15-5,11/13/2015,2015,11,November,1,39,A,M,SNGO,W,33.53,-91.53,56.9,68.4,64.5,121.2,102.5,444,2626,2519.7,2374,2267.7,879.87,87.2,398.2,213.8,373.9621396,42.5,417.04,82.43,1387.83,61.2,88.87,17.57
215,11/13/15-6,11/13/2015,2015,11,November,1,39,A,M,GWFG,,33.53,-91.54,52.5,58,64.5,110.2,88.8,430,2808,2703.6,2599,2494.6,1042.74,72.9,442.3,227.2,505.1985406,48.45,461.84,85.92,1451.86,58.2,75.71,14.08
231,11/30/15-1,11/30/2015,2015,11,November,1,56,J,M,GWFG,,34.27,-91.46,51.9,56.7,71.6,111.8,92.4,422,2792,2707.4,2585,2500.4,1045.17,76,459.6,223.1,507.564976,48.56,450.82,83.86,1455.23,58.2,86.78,16.14
238,12/1/15-1,12/1/2015,2015,12,December,1,57,A,F,GWFG,,34.28,-91.45,51.1,59.8,64.3,110.1,86.5,416,2800,2678.1,2617,2495.1,1042.95,97.7,400.1,198.9,516.5870064,49.53,444.01,84.35,1452.15,58.2,82.35,15.65
239,12/1/15-2,12/1/2015,2015,12,December,1,57,A,M,SNGO,W,34.28,-91.45,58.4,69.7,62.8,121.2,98.2,435,2678,2517.7,2525,2364.7,917.5,51.1,421.2,209.7,359.6888731,39.2,461.77,82.78,1447.2,61.2,96.05,17.22
295,12/8/15-1,12/8/2015,2015,12,December,1,64,A,M,GWFG,,33.47,-91.21,50.5,59.9,66.4,111.1,88.7,432,2709,2655.7,2492,2438.7,1019.38,34.8,475.4,239.9,369.8337608,36.28,523.23,80.55,1419.32,58.2,126.31,19.45
296,12/8/16-1,12/8/2015,2015,12,December,2,64,A,F,GWFG,,33.86,-91.41,49.6,57.2,61.5,107.8,82.7,423,2630.9,2542.5,3490.8,3402.4,1025.8,1.2,415.3,212.9,450.1288025,43.88,478.81,83.17,1259,55.1,96.86,16.83
297,12/8/16-2,12/8/2015,2015,12,December,2,64,A,M,GWFG,,33.86,-91.41,53.3,60.8,66.1,111.1,87.5,422,2619,2538.7,2379,2298.7,877.6,30.9,427.2,225.6,302.9282314,34.52,470.05,81.79,1306.3,59.82,104.62,18.21
298,12/8/16-3,12/8/2015,2015,12,December,2,64,A,F,GWFG,,33.86,-91.41,47.1,54.2,62,107.2,83,414,2529.6,2435.2,2515.9,2421.5,1147.3,77.3,416.9,216,591.8762062,51.59,475.23,85.56,1087.4,48.66,80.19,14.44
299,12/8/16-4,12/8/2015,2015,12,December,2,64,A,F,SNGO,B,33.87,-91.41,51.7,60.6,59.9,113,91.5,434,2252,2171.5,2051,1970.5,850.8,48.9,342.4,173.6,342.4472823,40.25,420.42,82.7,1102.6,56.45,87.93,17.3
241,12/10/15-1,12/10/2015,2015,12,December,1,66,A,M,ROGO,W,33.74,-91.39,43.4,52.5,50.1,92.5,84.2,398,1669,1577.7,1551,1459.7,554.69,39.5,278,149.1,201.4914195,36.33,291.73,82.6,905.01,62,61.46,17.4
242,12/10/15-2,12/10/2015,2015,12,December,1,66,A,M,SNGO,B,33.74,-91.39,61.2,70.3,63.3,120.4,100.5,447,2426,2303.7,2242,2119.7,822.44,34.6,400.8,185.9,255.9644829,31.12,467.34,82.5,1297.26,61.2,99.14,17.5
243,12/10/15-3,12/10/2015,2015,12,December,1,66,A,F,GWFG,,33.74,-91.39,48.8,55,64.3,103.4,82.9,415,2286,2149.1,2132,1995.1,833.95,29.7,414,225.1,305.2178848,36.6,437.44,82.73,1161.15,58.2,91.29,17.27
244,12/10/15-4,12/10/2015,2015,12,December,1,66,J,F,GWFG,,33.73,-91.39,50.8,57.7,61.3,104.9,81.2,383,1824,1686.2,1729,1591.2,665.12,9.9,324.2,162.4,178.7729978,26.88,402.05,82.67,926.08,58.2,84.3,17.33
245,12/10/15-5,12/10/2015,2015,12,December,1,66,A,F,GWFG,,33.73,-91.4,45.5,50.8,63.4,102.1,83.2,405,2190,2143.5,2032,1985.5,829.94,41.5,385,204,353.0979635,42.55,403.84,84.69,1155.56,58.2,73,15.31
246,12/10/15-6,12/10/2015,2015,12,December,1,66,A,F,ROGO,W,33.73,-91.4,37.1,44.8,46.1,81.5,76.5,363,1112,1091.2,1015,994.2,377.8,3.3,182.7,93.9,97.31985062,25.76,237.37,84.63,616.4,62,43.11,15.37
260,12/15/15-1,12/15/2015,2015,12,December,1,71,A,F,SNGO,B,34.41,-91.54,52.5,61.4,56.6,108.7,89.5,394,1773,1724.7,1610,1561.7,605.94,12.1,334.5,154.2,158.828718,26.21,366.46,81.96,955.76,61.2,80.65,18.04
261,12/15/15-2,12/15/2015,2015,12,December,1,71,A,M,SNGO,W,34.41,-91.54,55.8,67.4,63.6,118.8,96.7,440,2340,2242.4,2150,2052.4,796.33,18.4,410.3,196.8,206.9304512,25.99,473.79,80.39,1256.07,61.2,115.61,19.61
262,12/17/15-1,12/17/2015,2015,12,December,1,73,A,M,GWFG,,34.46,-91.41,53.9,60.3,60.6,109.1,86.5,425,2412,2335.1,2242,2165.1,905.01,29.2,430.2,205.5,277.7298241,30.69,517.45,82.49,1260.09,58.2,109.84,17.51
263,12/17/15-10,12/17/2015,2015,12,December,1,73,J,F,ROGO,W,34.23,-91.33,35.4,43.3,46.5,80.5,77.4,361,1290,1260.9,1186,1156.9,439.62,34.6,215,107.6,195.7386564,44.52,203.83,83.58,717.28,62,40.05,16.42
264,12/17/15-11,12/17/2015,2015,12,December,1,73,A,F,GWFG,,34.23,-91.33,48.3,55.1,65.1,104.4,85.1,402,2488,2415.2,2280,2207.2,922.61,57,420.9,219,404.6480974,40.19,456.41,82.7,1284.59,58.2,95.45,17.3
265,12/17/15-12,12/17/2015,2015,12,December,1,73,A,M,GWFG,,34.23,-91.33,55.3,62.4,65.4,112.6,88.4,437,2853,2762.6,2603,2512.6,1050.27,52.8,518.8,250.8,310.2373364,39.43,526.2,82.72,1462.33,58.2,109.9,17.28
266,12/17/15-13,12/17/2015,2015,12,December,1,73,A,M,GWFG,,34.23,-91.33,55.2,62.8,66.7,112.2,99.4,435,2898,2777.7,2574,2453.7,1025.65,75.6,497,245.6,370.7540423,44.05,472.54,82.34,1428.05,58.2,101.31,17.66
267,12/17/15-2,12/17/2015,2015,12,December,1,73,A,F,SNGO,B,34.23,-91.32,59.4,66.6,62.7,115.8,98.8,428,2221,2126.6,2017,1922.6,745.97,18.5,384.6,200.5,218.5896139,29.3,427.5,81.06,1176.63,61.2,99.88,18.94
268,12/17/15-3,12/17/2015,2015,12,December,1,73,A,M,SNGO,B,34.23,-91.32,55,64.5,60.7,114.5,96.5,429,2343,2253.5,2131,2041.5,792.1,54.3,398.7,202,297.3787957,37.54,412.61,83.4,1249.4,61.2,82.11,16.6
269,12/17/15-4,12/17/2015,2015,12,December,1,73,A,M,GWFG,,34.23,-91.33,58.4,62.8,70.7,117.1,92.7,435,3087,2991.8,2737,2641.8,1104.27,54.5,544.2,280.4,414.1593791,36.64,563.26,80.51,1537.53,58.2,136.36,19.49
270,12/17/15-5,12/17/2015,2015,12,December,1,73,A,M,GWFG,,34.23,-91.33,53.2,59.5,66.6,111,90.4,433,2598,2547.3,2264,2213.3,925.16,35,452.6,236.5,451.7952398,33.53,514.57,83.68,1288.14,58.2,100.36,16.32
271,12/17/15-6,12/17/2015,2015,12,December,1,73,A,F,ROGO,W,34.23,-91.33,35.2,43.2,47.7,79.5,77,374,1483,1454,1270,1241,471.58,18.1,223.8,120.6,200.8635352,42.59,228.77,84.5,769.42,62,41.95,15.5
272,12/17/15-7,12/17/2015,2015,12,December,1,73,A,M,SNGO,B,34.23,-91.33,57.3,69.1,61.2,120,93.8,400,2490,2277,2152,1939,752.33,9.1,369.2,188.7,172.4017554,22.92,472.51,81.48,1186.67,61.2,107.42,18.52
273,12/17/15-8,12/17/2015,2015,12,December,1,73,A,M,SNGO,W,34.23,-91.33,57.4,79.2,63.3,118.8,100.1,436,2502,2423.3,2225,2146.3,832.76,10.8,444.8,194.4,198.4244643,23.83,522.3,82.34,1313.54,61.2,112.04,17.66
274,12/17/15-9,12/17/2015,2015,12,December,1,73,A,F,SNGO,W,34.23,-91.33,56.3,66.9,61.9,116.5,100.3,420,2330,2268.8,2133,2071.8,803.86,34.8,432.4,199.5,244.8922489,30.46,453.69,81.17,1267.94,61.2,105.27,18.83
285,12/30/15-2,12/30/2015,2015,12,December,1,86,A,F,GWFG,,33.73,-91.39,47.8,57.6,63.1,106.7,88.7,412,2557,2398.7,2342,2183.7,912.79,30.8,442.2,219.2,295.9260019,32.42,510.31,82.73,1270.91,58.2,106.55,17.27
55,1/2/16-1,1/2/2016,2016,1,January,1,89,A,M,SNGO,W,34.41,-91.54,56.6,64,62.4,111.5,97.4,435,2469,2376.2,2192,2099.2,814.49,10.8,438.2,196.4,220.76471,27.1,496.85,83.68,1284.71,61.2,96.87,16.32
56,1/2/16-10,1/2/2016,2016,1,January,1,89,A,F,SNGO,W,34.41,-91.54,48,60.2,59.5,106.1,91.6,406,2078,1970.6,1877,1769.6,686.6,20.9,389.3,178.7,211.8897965,30.86,389.84,82.12,1083,61.2,84.88,17.88
57,1/2/16-11,1/2/2016,2016,1,January,1,89,J,M,SNGO,W,34.41,-91.54,55.3,67.6,67.6,118.8,101.4,402,2221,2108,2078,1965,762.42,18.7,412.8,193.8,209.0676004,27.42,455.54,82.32,1202.58,61.2,97.82,17.68
58,1/2/16-12,1/2/2016,2016,1,January,1,89,J,F,SNGO,B,34.41,-91.54,54.5,68.2,61.9,115.8,94.8,392,2259,2159.2,2072,1972.2,765.21,25.5,404.3,185.9,263.1108522,34.38,412.19,82.09,1206.99,61.2,89.91,17.91
59,1/2/16-2,1/2/2016,2016,1,January,1,89,J,F,SNGO,B,34.41,-91.54,46.6,59.3,54.3,106.7,89.2,372,1952,1880.6,1776,1704.6,661.38,41.1,324.3,168,255.3026325,38.6,339.38,83.57,1043.22,61.2,66.7,16.43
61,1/2/16-4,1/2/2016,2016,1,January,1,89,J,M,SNGO,B,34.41,-91.54,49.8,63.3,57.7,110.4,97.1,409,2292,2212.3,2084,2004.3,777.67,29.7,402.7,196.2,246.9628655,31.76,442.41,83.36,1226.63,61.2,88.3,16.64
62,1/2/16-5,1/2/2016,2016,1,January,1,89,A,F,SNGO,W,34.41,-91.54,55.8,67.7,58.5,116.2,97.1,416,2408,2321.8,2223,2136.8,829.08,37.5,418.8,215.6,264.2492577,31.87,464.55,82.25,1307.72,61.2,100.28,17.75
63,1/2/16-6,1/2/2016,2016,1,January,1,89,A,M,SNGO,B,34.41,-91.54,51.5,64,63.3,118.9,102.8,442,2570,2431.5,2408,2269.5,880.57,24.9,451,212,256.0295965,29.08,519.22,83.14,1388.93,61.2,105.31,16.86
64,1/2/16-7,1/2/2016,2016,1,January,1,89,A,M,SNGO,W,34.41,-91.54,55.8,72.8,66.8,118.8,100.9,440,2593,2503.7,2348,2258.7,876.38,20.2,443.8,235.2,199.6620634,22.78,557.45,82.38,1382.32,61.2,119.27,17.62
65,1/2/16-8,1/2/2016,2016,1,January,1,89,A,F,SNGO,B,34.41,-91.54,54.5,65.7,59.2,113.7,96.2,419,2238,2146,2029,1937,751.56,18.9,402.6,187.7,211.5097111,28.14,445.54,82.5,1185.44,61.2,94.5,17.5
66,1/2/16-9,1/2/2016,2016,1,January,1,89,A,M,SNGO,W,34.41,-91.54,55.1,63.3,57.5,113.3,98,412,2308,2208.1,2095,1995.1,774.1,4.1,421.8,198.5,133.5693889,17.25,529.3,82.63,1221,61.2,111.23,17.37
116,1/6/16-1,1/6/2016,2016,1,January,1,93,J,M,GWFG,,33.74,-91.39,54,61.5,66,112.3,94.8,415,2455,2344.7,2324,2213.7,925.33,36.5,425.7,224.8,313.9648982,33.93,501.66,82.06,1288.37,58.2,109.7,17.94
117,1/6/16-2,1/6/2016,2016,1,January,1,93,A,M,GWFG,,33.74,-91.39,47.4,58.3,67.5,112,92.3,446,2853,2711.3,2666,2524.3,1055.16,32.8,493,248.8,315.7430496,29.92,609.58,82.44,1469.14,58.2,129.84,17.56
118,1/6/16-3,1/6/2016,2016,1,January,1,93,A,M,GWFG,,33.74,-91.39,44.4,54.7,68.2,107.1,87.2,455,2700,2621.8,2527,2448.8,1023.6,34.6,482.4,274.1,329.5587811,32.2,573.3,82.6,1425.2,58.2,120.74,17.4
119,1/6/16-4,1/6/2016,2016,1,January,1,93,A,M,GWFG,,33.74,-91.4,48.3,59.3,65.9,111,88.9,412,2489,2356.9,2347,2214.9,925.83,29.7,458.1,247.5,296.6489673,32.04,506.83,80.55,1289.07,58.2,122.35,19.45
128,1/8/16-1,1/8/2016,2016,1,January,1,95,A,M,GWFG,,33.74,-91.4,51,58.4,61.5,108.5,85.3,422,2323,2196.5,2135,2008.5,839.55,15.9,428.8,208.5,198.9757798,23.7,522.85,81.62,1168.95,58.2,117.73,18.38
129,1/8/16-2,1/8/2016,2016,1,January,1,95,A,F,ROGO,W,33.73,-91.45,38.9,48.7,48.5,86,82.8,387,1506,1413.6,1383,1290.6,490.43,12.1,254.7,129.1,141.0370823,28.76,286.74,82.07,800.17,62,62.66,17.93
17,1/14/16-1,1/14/2016,2016,1,January,1,101,A,F,GWFG,,33.74,-91.39,47.7,52.1,64,102.9,83.1,404,2186,2079.7,2014,1907.7,797.42,2.3,418.9,187.4,114.5830152,14.37,560.44,82.08,1110.28,58.2,122.4,17.92
18,1/14/16-2,1/14/2016,2016,1,January,1,101,A,M,SNGO,W,33.74,-91.38,54.4,65.3,57.6,116.2,99.8,420,2337,2185.8,2191,2039.8,791.44,11.1,413.3,222.9,201.4390335,25.45,478.75,81.14,1248.36,61.2,111.25,18.86
19,1/14/16-3,1/14/2016,2016,1,January,1,101,A,M,GWFG,,33.75,-91.39,46.7,61.8,70.6,113.7,90,425,2651,2503.7,2463,2315.7,967.96,9.4,482.7,240.7,219.1798185,22.64,610.44,81.52,1347.74,58.2,138.34,18.48
20,1/15/16-1,1/15/2016,2016,1,January,1,102,A,M,SNGO,B,34.54,-91.54,53.5,65.3,62.1,116.7,100.4,445,2227,2052,2088,1913,742.24,16.9,425.5,201.4,170.309044,22.95,463.77,81.09,1170.76,61.2,108.16,18.91
21,1/15/16-10,1/15/2016,2016,1,January,1,102,A,F,ROGO,W,34.55,-91.54,38.2,50.4,48.2,85.5,85,381,1497,1381.9,1412,1296.9,492.82,11,248.7,128.3,139.0424388,28.21,291.96,82.53,804.08,62,61.82,17.47
22,1/15/16-11,1/15/2016,2016,1,January,1,102,A,M,SNGO,W,34.55,-91.54,55.6,66.8,63.4,114.5,100.2,441,2477,2315.5,2324,2162.5,839.05,13.6,451.2,209.9,196.4967635,23.42,529.15,82.35,1323.45,61.2,113.4,17.65
23,1/15/16-12,1/15/2016,2016,1,January,1,102,A,M,SNGO,W,34.55,-91.54,53.8,68.7,64.3,117.5,97.7,418,2090,1960.86,1957,1827.86,709.21,19.9,398,186.8,184.0880725,25.96,423.29,80.61,1118.65,61.2,101.84,19.39
24,1/15/16-13,1/15/2016,2016,1,January,1,102,A,F,SNGO,B,34.55,-91.54,54.4,64.4,55.2,114.6,94.7,409,2038,1916.3,1904,1782.3,691.53,12.2,368.3,165,156.2339327,22.59,445.52,83.23,1090.77,61.2,89.78,16.77
25,1/15/16-14,1/15/2016,2016,1,January,1,102,A,M,SNGO,B,34.55,-91.54,53.2,64.3,56.7,111.1,90.2,414,2117,1997.6,1973,1853.6,719.2,16.9,362.6,164.9,212.711271,29.58,421.46,83.21,1134.4,61.2,85.03,16.79
26,1/15/16-15,1/15/2016,2016,1,January,1,102,A,M,ROGO,W,34.55,-91.54,39,52.3,51.4,87,90.2,387,1725,1601.2,1610,1486.2,564.76,19.5,279.1,142.7,164.2379608,29.08,335.78,83.84,921.44,62,64.74,16.16
27,1/15/16-16,1/15/2016,2016,1,January,1,102,A,M,ROGO,W,34.55,-91.54,42,42.3,54.3,90.3,87.5,398,1640,1493.1,1485,1338.1,508.48,2.8,276,131,107.6622401,21.17,338.1,84.35,829.62,62,62.71,15.65
28,1/15/16-17,1/15/2016,2016,1,January,1,102,A,F,ROGO,W,34.55,-91.54,37.5,41.4,43.1,80.5,80.1,355,1366,1252.6,1277,1163.6,442.17,2.2,221.3,108.2,82.42998213,18.64,298.59,83,721.43,62,61.15,17
29,1/15/16-18,1/15/2016,2016,1,January,1,102,A,F,SNGO,B,34.55,-91.54,49.2,60.2,51.3,106.9,91.4,420,2062,1893.9,1921,1752.9,680.13,16.2,357.3,160.1,182.332998,26.81,412.91,82.95,1072.77,61.2,84.89,17.05
30,1/15/16-19,1/15/2016,2016,1,January,1,102,A,M,SNGO,B,34.55,-91.54,51.8,62.3,57.4,111.3,90,409,1903,1788.4,1770,1655.4,642.3,2.1,397.2,179.8,98.85523844,15.39,452.31,83.23,1013.1,61.2,91.13,16.77
31,1/15/16-2,1/15/2016,2016,1,January,1,102,A,M,SNGO,W,34.54,-91.54,52.4,64.3,61.5,114.3,98.4,437,2167,1987.7,2019,1839.7,713.8,8.1,413.6,199.3,160.3494777,22.46,455.04,82.22,1125.9,61.2,98.41,17.78
32,1/15/16-20,1/15/2016,2016,1,January,1,102,A,M,SNGO,W,34.55,-91.54,56.9,79.2,60.4,116.9,96.6,418,2285,2131,2140,1986,770.57,23.8,401.9,189.5,226.6991081,29.42,440.79,81.05,1215.43,61.2,103.08,18.95
33,1/15/16-21,1/15/2016,2016,1,January,1,102,A,M,ROGO,W,34.55,-91.54,44.2,51.8,48.3,92.7,91.3,401,1766,1622.5,1654,1510.5,573.99,6.3,286.2,146,152.0353987,26.49,349.51,82.83,936.51,62,72.44,17.17
34,1/15/16-3,1/15/2016,2016,1,January,1,102,A,F,GWFG,,34.55,-91.55,49.5,55.1,60,105.4,82.8,422,2325,2284.2,2184,2143.2,895.86,20.5,454.9,218,323.1067506,36.07,476.24,83.15,1247.34,58.2,96.51,16.85
35,1/15/16-4,1/15/2016,2016,1,January,1,102,A,F,GWFG,,34.55,-91.55,51.9,60,66.9,112,88.7,425,2541,2348.8,2354,2161.8,903.63,19.5,472.3,246.2,261.9136462,28.98,527.52,82.2,1258.17,58.2,114.2,17.8
36,1/15/16-5,1/15/2016,2016,1,January,1,102,A,M,SNGO,B,34.54,-91.55,54.2,70.1,66.7,109,99.4,424,2380,2178.9,2221,2019.9,783.72,14,436.5,202.5,182.2225843,23.25,492.36,81.86,1236.18,61.2,109.14,18.14
37,1/15/16-6,1/15/2016,2016,1,January,1,102,A,F,GWFG,,34.55,-91.55,52.3,57.6,64.2,103.4,86.2,433,2363,2250.9,2192,2079.9,869.4,33.5,446.4,230,279.5807903,32.16,485.61,82.33,1210.5,58.2,104.2,17.67
38,1/15/16-7,1/15/2016,2016,1,January,1,102,A,M,SNGO,W,34.54,-91.53,53.4,67.2,65.4,119,113.3,430,2520,2369.5,2341,2190.5,849.91,27,431.7,198,232.0087216,27.3,508.05,82.22,1340.59,61.2,109.86,17.78
39,1/15/16-8,1/15/2016,2016,1,January,1,102,A,F,SNGO,B,34.54,-91.53,52,63.3,56.3,112.3,90.9,404,2022,1836.9,1870,1684.9,653.74,6.5,356.1,170.4,135.6749872,20.75,426.79,82.38,1031.16,61.2,91.28,17.62
40,1/15/16-9,1/15/2016,2016,1,January,1,102,A,F,SNGO,W,34.55,-91.54,54.3,67.8,62.7,116.7,95.7,440,2271,2173.2,2133,2035.2,789.66,23,406.3,200.2,271.9125899,34.43,421.89,81.49,1245.54,61.2,95.85,18.51
41,1/18/16-1,1/18/2016,2016,1,January,1,105,A,M,ROGO,W,34.46,-91.59,39.5,47.5,51.1,85.5,83,382,1431,1320.3,1317,1206.3,458.39,5.4,251.6,129.9,109.709421,23.93,286.94,82.29,747.91,62,61.74,17.71
42,1/18/16-10,1/18/2016,2016,1,January,1,105,A,M,SNGO,B,34.46,-91.59,56.7,67.8,61.1,113.5,97.4,425,2087,1900.4,1940,1753.4,680.32,2.6,388.3,182.9,81.85764899,12.03,494.17,82.57,1073.08,61.2,104.29,17.43
43,1/18/16-2,1/18/2016,2016,1,January,1,105,A,F,SNGO,B,34.46,-91.59,52.7,63.9,58.3,110.2,91.6,409,2198,1948.9,2062,1812.9,703.41,11.1,380.2,178.8,185.0875915,26.31,429.59,82.88,1109.49,61.2,88.73,17.12
44,1/18/16-3,1/18/2016,2016,1,January,1,105,A,F,SNGO,W,34.46,-91.59,51.5,60.8,58.6,105.6,91.4,412,1996,1795.7,1875,1674.7,649.78,9.3,359.1,167.9,135.7394861,20.89,428.08,83.28,1024.92,61.2,85.97,16.72
45,1/18/16-4,1/18/2016,2016,1,January,1,105,A,M,SNGO,W,34.46,-91.59,54.7,68.3,63.7,118.4,101,455,2595,2409.2,2358,2172.2,842.81,27.6,427.7,222.9,242.0530914,28.72,489.94,81.55,1329.39,61.2,110.83,18.45
46,1/18/16-5,1/18/2016,2016,1,January,1,105,A,F,SNGO,B,34.46,-91.59,54.6,67.6,61.8,113.6,93,417,2194,1988,2042,1836,712.37,16,386,188.7,172.3294884,24.19,443.49,82.12,1123.63,61.2,96.55,17.88
47,1/18/16-6,1/18/2016,2016,1,January,1,105,A,M,ROGO,W,34.46,-91.59,42.1,48.4,50.3,99.7,83.9,380,1539,1382.8,1436,1279.8,486.32,4.2,265.9,133.6,110.0345117,22.63,311.15,82.69,793.48,62,65.14,17.31
48,1/18/16-7,1/18/2016,2016,1,January,1,105,A,F,ROGO,W,34.46,-91.59,37.6,43.8,50.4,81.4,80.4,364,1500,1351.6,1405,1256.6,477.51,1.1,257.7,127.5,120.3194159,25.2,301.45,84.4,779.09,62,55.74,15.6
49,1/18/16-8,1/18/2016,2016,1,January,1,105,A,M,SNGO,W,34.46,-91.59,57,70,65,120.7,105.2,453,2473,2227.4,2314,2068.4,802.54,17.4,466.2,232,197.0067018,24.55,491.94,81.24,1265.86,61.2,113.6,18.76
50,1/18/16-9,1/18/2016,2016,1,January,1,105,A,F,SNGO,B,34.46,-91.59,54.3,64,59.4,108.5,94.7,393,2020,1816.3,1908,1704.3,661.27,11.3,367.9,178.5,147.9488257,22.37,421.25,82.06,1043.03,61.2,92.06,17.94
51,1/18/17-1,1/18/2016,2016,1,January,2,105,A,M,SNGO,W,34.18,-91.54,60,72.1,67.5,126.4,106,453,2582.7,2512.7,2408.2,2338.2,903.3,32,469.7,244.7,215.9445942,23.91,581.05,84.53,1435.8,61.38,106.31,15.47
52,1/18/17-2,1/18/2016,2016,1,January,2,105,A,F,SNGO,W,34.17,-91.55,56.3,68.2,64.7,115.9,96.4,411,2232.4,2179.8,2049.4,1996.8,789.1,39.1,374.3,184.9,271.8780216,34.45,422.27,81.64,1209.9,60.53,94.95,18.36
53,1/18/17-3,1/18/2016,2016,1,January,2,105,A,F,GWFG,,34.17,-91.55,50.1,59.1,64.8,107.4,85.4,429,2180.2,NA,2013.8,NA,788.7,28.8,385.8,204.7,288.2692826,36.55,416.42,83.21,1148.9,59.3,84.01,16.79
54,1/18/17-4,1/18/2016,2016,1,January,2,105,A,M,GWFG,,34.33,-91.53,51.1,58.3,68.4,113.6,91.6,433,2633.2,2506.1,2404.4,2277.3,929.2,39.6,462.9,214.5,328.4921507,35.35,505.76,84.19,1354.7,59.32,94.95,15.81
74,1/26/16-1,1/26/2016,2016,1,January,1,113,A,F,ROGO,W,33.93,-91.35,38.7,46.7,49,83.6,83,383,1492,1341.9,1377,1226.9,466.22,4.6,263.8,134,112.9993601,24.24,296.9,84.06,760.68,62,56.32,15.94
75,1/26/16-2,1/26/2016,2016,1,January,1,113,A,M,SNGO,W,33.97,-91.53,51.2,60,56.3,108.3,90.6,408,2099,1953,1908,1762,683.66,6.6,373.6,178.7,124.9860433,18.28,469.7,84.07,1078.34,61.2,88.97,15.93
76,1/26/16-3,1/26/2016,2016,1,January,1,113,J,M,GWFG,,33.74,-91.41,57.6,64.2,74.4,115,94.2,430,2546,2342.8,2420,2216.8,926.62,30.2,487.8,256.9,305.9191786,33.01,515.24,83.01,1290.18,58.2,105.46,16.99
77,1/28/16-1,1/28/2016,2016,1,January,1,115,A,M,SNGO,W,33.98,-91.48,55,63.6,57.7,113.4,97,420,2285,2086.7,2148,1949.7,756.48,10,388.2,186.6,152.3316812,20.14,491.41,81.34,1193.22,61.2,112.75,18.66
78,1/28/16-2,1/28/2016,2016,1,January,1,115,A,F,SNGO,W,33.98,-91.48,54.4,66.6,60,113.1,97.8,400,2011,1806.4,1888,1683.4,653.16,10.1,357.3,169.5,170.8408452,26.16,408.73,84.74,1030.24,61.2,73.59,15.26
79,1/28/16-3,1/28/2016,2016,1,January,1,115,A,M,SNGO,W,33.98,-91.48,52.5,64.5,60,113.3,93.7,428,2163,1939.6,2034,1810.6,702.51,6.1,362.3,169,126.4186004,18,490.42,85.13,1108.09,61.2,85.67,14.87
80,1/28/16-4,1/28/2016,2016,1,January,1,115,J,M,ROGO,W,33.98,-91.48,40.2,49,50.2,88.1,83.4,375,1448,1312.3,1365,1229.3,467.13,9.2,255.9,129.8,123.1555058,26.36,285.82,83.09,762.17,62,58.16,16.91
81,1/28/16-5,1/28/2016,2016,1,January,1,115,A,M,SNGO,B,33.98,-91.48,54.7,66.9,65.8,117,104.3,430,2325,2085.5,2176,1936.5,751.36,12.3,415.8,195.5,172.0730796,22.9,476.88,82.32,1185.14,61.2,102.41,17.68
82,1/28/16-6,1/28/2016,2016,1,January,1,115,A,M,GWFG,,33.98,-91.49,53.1,57.3,66.2,112.1,88.7,422,2463,2330.6,2238,2105.6,880.14,4.9,433.4,221.5,129.640165,14.73,612.51,81.61,1225.46,58.2,137.99,18.39
83,1/28/16-7,1/28/2016,2016,1,January,1,115,A,F,SNGO,B,33.99,-91.49,50.3,62.5,57.7,109.5,96.4,403,2034,1869.1,1910,1745.1,677.1,11.2,378.9,182.1,163.2492806,24.11,420.54,81.84,1068,61.2,93.31,18.16
84,1/28/16-8,1/28/2016,2016,1,January,1,115,J,F,SNGO,W,33.99,-91.49,50.7,63.1,59.1,107.9,91.1,400,1860,1667.8,1765,1572.8,610.25,3.6,335.7,151.9,105.4275482,17.28,413.36,81.88,962.55,61.2,91.46,18.12
85,1/28/16-9,1/28/2016,2016,1,January,1,115,A,M,SNGO,W,33.99,-91.49,54.3,63.5,57.3,113.2,100.6,431,2242,2039.8,2102,1899.8,737.12,3.9,394,182.6,125.7229847,17.06,503.99,82.43,1162.68,61.2,107.41,17.57
347,2/7/16-1,2/7/2016,2016,2,February,1,125,A,F,SNGO,W,33.63,-91.5,51.6,62.3,60.6,112.6,100.6,419,2065,1829.6,1938,1702.6,660.61,16.1,353.8,174.2,165.9984047,25.13,409.11,82.71,1041.99,61.2,85.5,17.29
348,2/7/16-2,2/7/2016,2016,2,February,1,125,A,M,SNGO,W,33.63,-91.5,52.6,63.4,56.1,109.4,90.4,397,2073,1844.4,1937,1708.4,662.86,2.3,349.9,174.6,70.70130036,10.67,500.19,84.47,1045.54,61.2,91.96,15.53
349,2/7/16-3,2/7/2016,2016,2,February,1,125,J,M,SNGO,W,33.63,-91.5,54.3,63.2,59.6,109.9,103.6,414,1962,1756.2,1846,1640.2,636.4,17.3,320.2,160.7,179.6018949,28.22,379.89,83.16,1003.8,61.2,76.91,16.84
350,2/7/16-4,2/7/2016,2016,2,February,1,125,A,F,ROGO,W,33.63,-91.5,36,42.9,45.7,81.6,82.4,373,1377,1227.4,1283,1133.4,430.69,14.2,222.6,119.6,141.9647699,32.96,243.22,84.24,702.71,62,45.51,15.76
351,2/7/16-5,2/7/2016,2016,2,February,1,125,A,M,ROGO,W,33.63,-91.5,40.5,46.7,49.5,87.2,81.3,374,1473,1297.6,1385,1209.6,459.65,10.9,237.7,128.9,124.5774176,27.1,279.38,83.38,749.95,62,55.69,16.62
352,2/7/16-6,2/7/2016,2016,2,February,1,125,A,F,SNGO,B,33.63,-91.5,48.2,60.7,58.7,102.4,91.5,414,1939,1747.6,1816,1624.6,630.34,12.2,333.3,165,168.5678874,26.74,376.96,81.63,994.26,61.2,84.82,18.37
353,2/7/16-7,2/7/2016,2016,2,February,1,125,A,F,SNGO,B,33.63,-91.5,49.6,60.3,56.3,106,92.9,410,2080,1857.3,1955,1732.3,672.13,13.5,371.8,179.1,160.7137846,23.91,427.99,83.69,1060.17,61.2,83.43,16.31
354,2/8/16-1,2/8/2016,2016,2,February,1,126,A,M,GWFG,,33.7,-91.31,50.2,54.5,70.1,110.4,91.1,421,2603,2409.1,2470,2276.1,951.41,22.4,477.9,259.3,264.7556263,27.83,566.06,82.44,1324.69,58.2,120.6,17.56
355,2/8/16-2,2/8/2016,2016,2,February,1,126,A,M,GWFG,,33.7,-91.31,49,55.1,64.1,106.2,87.5,410,2114,1972.8,2005,1863.8,779.07,7.9,395.6,200.5,118.3733889,15.19,544.68,82.44,1084.73,58.2,116.01,17.56
356,2/8/16-3,2/8/2016,2016,2,February,1,126,J,M,GWFG,,33.7,-91.31,52.6,57.8,64.3,107.5,88.2,405,2109,1935.6,1991,1817.6,759.76,3.6,356.8,165.8,151.0089986,19.88,514.78,84.56,1057.84,58.2,93.97,15.44
357,2/8/16-4,2/8/2016,2016,2,February,1,126,A,M,GWFG,,33.67,-91.28,51.2,58.7,65.4,108.4,91.9,420,2630,2304.4,2482,2156.4,901.38,26.8,430.7,232,256.4435448,28.45,529.5,82.1,1255.02,58.2,115.43,17.9
358,2/9/16-1,2/9/2016,2016,2,February,1,127,A,M,GWFG,,33.74,-91.39,50.2,55,68.9,108.9,92,434,2276,2211.2,2100,2035.2,850.71,12.3,426.4,223.7,209.4794867,24.62,533.21,83.15,1184.49,58.2,108.02,16.85
359,2/9/16-10,2/9/2016,2016,2,February,1,127,J,M,GWFG,,33.66,-91.27,55.4,63.6,67.4,112.1,94.2,420,2416,2187.9,2345,2116.9,884.86,13.4,447.9,224.9,80.94593764,22.95,558.47,81.92,1232.04,58.2,123.29,18.08
360,2/9/16-11,2/9/2016,2016,2,February,1,127,A,M,SNGO,W,33.66,-91.27,52.6,64.8,59,113.1,95.2,415,2119,1928.9,1988,1797.9,697.59,7.1,358.7,172.8,142.92728,20.49,459.18,82.79,1100.31,61.2,95.48,17.21
361,2/9/16-12,2/9/2016,2016,2,February,1,127,A,F,SNGO,B,33.66,-91.27,56.4,65.2,63,102.8,95.1,405,2076,1882.1,1955,1761.1,683.31,6.3,362.2,173.4,126.9531429,18.58,465.99,83.76,1077.79,61.2,90.37,16.24
362,2/9/16-13,2/9/2016,2016,2,February,1,127,A,F,GWFG,,33.67,-91.28,45.2,50.9,57.9,97.5,77.1,395,1829,1750.8,1704,1625.8,679.58,10.4,320.7,154.3,105.0566387,21.41,440.29,82.44,946.22,58.2,93.77,17.56
363,2/9/16-2,2/9/2016,2016,2,February,1,127,J,F,GWFG,,33.74,-91.39,46.8,52.7,65.2,105.6,85.5,376,1704,1575.7,1616,1487.7,621.86,1.6,319.3,168.8,203.1087058,13.02,450.17,83.22,865.84,58.2,90.74,16.78
364,2/9/16-3,2/9/2016,2016,2,February,1,127,J,M,SNGO,W,33.66,-91.27,53.9,61.9,61.4,114.8,96,423,1841,1631.1,1901,1691.1,656.15,9.6,333.8,166.1,148.7614341,22.67,421.51,83.07,1034.95,61.2,85.88,16.93
365,2/9/16-4,2/9/2016,2016,2,February,1,127,A,F,SNGO,W,33.66,-91.27,52.3,63.1,60.6,109.2,96.5,413,2095,1880.9,1966,1751.9,679.74,13,365.5,186.2,183.9322748,27.06,410.84,82.86,1072.16,61.2,84.97,17.14
366,2/9/16-5,2/9/2016,2016,2,February,1,127,A,M,SNGO,W,33.66,-91.27,59.5,73.4,66.8,120.1,104,432,2503,2187.8,2346,2030.8,787.95,6.1,398.6,199.8,104.8084115,13.3,564.64,82.65,1242.85,61.2,118.51,17.35
367,2/9/16-6,2/9/2016,2016,2,February,1,127,A,F,SNGO,W,33.66,-91.27,51.8,60.7,62,110.1,97.2,408,2055,1861.4,1927,1733.4,672.56,10.2,340.2,163,160.4283334,23.85,426.91,83.36,1060.84,61.2,85.22,16.64
368,2/9/16-7,2/9/2016,2016,2,February,1,127,A,M,ROGO,W,33.66,-91.27,37.8,48.4,47.3,84.4,80.3,374,1547,1387.9,1451,1291.9,490.92,6.7,247,135.2,129.0228797,26.28,302.89,83.69,800.98,62,59.01,16.31
369,2/9/16-8,2/9/2016,2016,2,February,1,127,A,F,GWFG,,33.66,-91.27,47.3,52.8,66.6,103.7,91.2,415,2250,2054.8,2115,1919.8,802.48,2.8,415.3,201.3,145.5277802,13.09,584.89,83.86,1117.32,58.2,112.53,16.14
370,2/9/16-9,2/9/2016,2016,2,February,1,127,A,M,SNGO,B,33.66,-91.27,61.6,71.6,69,120.4,106.3,451,2325,2099.1,2177,1951.1,757.03,10.1,410.7,207.9,168.6470228,22.28,496.61,84.4,1194.07,61.2,91.77,15.6
309,2/11/16-1,2/11/2016,2016,2,February,1,129,A,M,SNGO,W,34.14,-91.41,60.8,71.1,64.3,127.5,97.4,428,2443,2287,2291,2135,828.38,12.2,419.3,208.2,154.2515333,18.62,553.14,82.05,1306.62,61.2,120.99,17.95
310,2/11/16-2,2/11/2016,2016,2,February,1,129,A,F,ROGO,W,34.14,-91.41,36.1,46.9,47.7,82.3,78.1,358,1355,1276.9,1256,1177.9,447.6,8.9,220.8,116.4,129.0347595,28.83,267.47,83.96,730.3,62,51.1,16.04
311,2/11/16-3,2/11/2016,2016,2,February,1,129,A,M,SNGO,B,34.14,-91.41,57.9,66.9,64.2,106.4,101.2,425,2316,2063.8,2200,1947.8,755.75,16,385.7,182.2,177.5044557,23.49,485.52,83.96,1192.05,61.2,92.72,16.04
312,2/11/16-4,2/11/2016,2016,2,February,1,129,A,F,SNGO,B,34.15,-91.4,53.7,63.2,59.5,109.6,93.1,397,2016,1829.6,1896,1709.6,663.32,8.5,334.3,161.9,145.9358084,22,440.27,85.1,1046.28,61.2,77.11,14.9
313,2/11/16-5,2/11/2016,2016,2,February,1,129,A,F,GWFG,,34.15,-91.4,47.2,53.7,62.4,100.8,86,420,2220,2059.6,2098,1937.6,809.92,26.4,362.2,184.1,304.401833,37.58,408.61,80.83,1127.68,58.2,96.9,19.17
314,2/11/16-6,2/11/2016,2016,2,February,1,129,A,M,SNGO,I,34.15,-91.4,52.8,59.5,54.2,106.6,92,414,1886,1750.7,1749,1613.7,626.12,2.2,312.3,149.1,130.8737288,20.9,403.78,81.53,987.58,61.2,91.46,18.47
315,2/12/16-1,2/12/2016,2016,2,February,1,130,A,M,GWFG,,33.67,-91.28,57.6,62.9,71.1,114.9,94.3,415,2707,2532.6,2553,2378.6,994.25,24.6,477.4,249.1,214.021245,21.53,665.03,85.23,1384.35,58.2,115.21,14.77
316,2/12/16-2,2/12/2016,2016,2,February,1,130,J,F,SNGO,W,33.8,-91.27,51.3,61.3,63.7,107.6,94.5,387,2039,1763.7,1935,1659.7,643.96,21.1,339.6,167.4,180.8916201,28.09,377.95,81.62,1015.74,61.2,85.12,18.38
317,2/12/16-3,2/12/2016,2016,2,February,1,130,A,F,SNGO,B,33.8,-91.27,53,58.6,55.9,111.5,92.6,405,1959,1805.2,1835,1681.2,652.31,12.8,316.1,168.8,158.3997985,24.28,408.06,82.62,1028.89,61.2,85.85,17.38
318,2/12/16-4,2/12/2016,2016,2,February,1,130,J,F,SNGO,W,33.8,-91.27,49.5,57.2,58.8,106.3,92.3,387,1788,1578,1695,1485,576.18,16.4,292.6,158.5,154.0020649,26.73,351.07,83.16,908.82,61.2,71.11,16.84
319,2/12/16-5,2/12/2016,2016,2,February,1,130,A,M,SNGO,W,33.8,-91.27,59.6,68.9,65.1,118.7,98.8,437,2251,1966.2,2104,1819.2,705.85,9.3,370.5,173.8,147.8583695,20.95,465.46,83.42,1113.35,61.2,92.53,16.58
325,2/18/16-1,2/18/2016,2016,2,February,1,136,A,F,GWFG,,34.16,-91.37,50,56.5,71.4,110.8,91.1,420,2548,2405.8,2387,2244.8,938.33,13.8,441.7,236.5,250.2168483,26.67,566.8,82.37,1306.47,58.2,121.31,17.63
326,2/18/16-2,2/18/2016,2016,2,February,1,136,J,M,GWFG,,34.16,-91.37,55.7,61.8,76.6,117.2,95,413,2867,2716.8,2702,2551.8,1066.65,25.3,518.4,270.6,306.9390633,28.78,632.62,83.27,1485.15,58.2,127.09,16.73
327,2/18/16-3,2/18/2016,2016,2,February,1,136,A,M,GWFG,,34.16,-91.37,49.6,55.5,67.8,109.6,92.2,426,2492,2358.5,2353,2219.5,927.75,19.7,436.7,230.5,272.7288949,29.4,541.51,82.67,1291.75,58.2,113.51,17.33
328,2/18/16-4,2/18/2016,2016,2,February,1,136,J,F,GWFG,,34.16,-91.37,47.9,52.6,64,104.3,85.8,387,2261,2092.4,2136,1967.4,822.37,12.7,402.1,204.2,233.5482494,28.4,485.87,82.52,1145.03,58.2,102.95,17.48
329,2/21/16-1,2/21/2016,2016,2,February,1,139,J,F,SNGO,B,34.39,-91.51,52.7,62,58,108,93.2,386,1836,1684.5,1734,1582.5,614.01,0.6,313.2,154.3,56.21247923,9.15,456.92,81.91,968.49,61.2,100.88,18.09
330,2/21/16-2,2/21/2016,2016,2,February,1,139,A,F,SNGO,B,34.39,-91.51,52.3,60.1,57.9,107.8,90.1,404,1904,1748.9,1782,1626.9,631.24,5.7,317.2,178.2,97.83696426,15.5,448.46,84.07,995.66,61.2,84.94,15.93
331,2/21/16-3,2/21/2016,2016,2,February,1,139,A,M,SNGO,W,34.39,-91.51,54.3,62.8,60.2,117.8,98.3,434,2232,2077.6,2099,1944.6,754.5,5.6,300,146.9,131.8397468,17.47,517.28,83.08,1190.1,61.2,105.38,16.92
137,10/11/16-1,10/11/2016,2016,10,October,2,6,J,F,GWFG,,34.28,-91.48,49,54.4,66.4,107.2,84.6,400,2148.4,2082.6,2025.4,1959.6,834.9,57.8,360.1,187.5,367.0709169,43.97,394.36,84.29,1113.8,57.16,73.47,15.71
138,10/11/16-2,10/11/2016,2016,10,October,2,6,A,M,GWFG,,34.29,-91.48,52.5,58.1,67.5,111.4,88.1,425,2346,2217.5,2156,2027.5,680.2,8.3,385.8,198.7,93.8248975,13.79,480.69,81.98,1332.2,66.2,105.69,18.02
141,10/13/16-1,10/13/2016,2016,10,October,2,8,J,M,GWFG,,34.28,-91.48,54.3,62.1,78.6,114.3,89.9,408,2394.8,2380.1,2226.4,2211.7,915,52.8,430.9,240,350.7602688,38.33,473.14,83.85,1261.4,57.96,91.1,16.15
169,10/20/16-1,10/20/2016,2016,10,October,2,15,A,M,GWFG,,34.27,-91.48,49.3,56.1,71.6,110.1,90.9,434,2527.7,2440.8,2369.1,2282.2,936.4,46.9,434.8,233.9,295.9964691,31.61,532.48,83.15,1336.6,58.8,107.93,16.85
170,10/20/16-2,10/20/2016,2016,10,October,2,15,J,M,GWFG,,34.28,-91.47,52.5,59.4,65,111.7,85.7,406,2341,2277.9,2217.8,2154.7,947.9,61.8,393.8,200.7,426.0849764,44.95,426.94,81.82,1194.4,55.75,94.87,18.18
171,10/20/16-3,10/20/2016,2016,10,October,2,15,J,M,GWFG,,34.28,-91.47,47.3,53.9,63.2,104.1,81.4,375,1810.9,1747.2,1699.3,1635.6,659.7,23.7,321.6,165,257.6756332,39.06,331.25,82.4,963.2,59.35,70.77,17.6
172,10/20/16-4,10/20/2016,2016,10,October,2,15,A,F,GWFG,,34.27,-91.48,45.4,54,62.4,103.3,77,407,2241.1,2177.8,2106.5,2043.2,827.8,44,389.7,194.5,307.7363898,37.18,422.84,81.31,1195,59.08,97.22,18.69
173,10/20/16-5,10/20/2016,2016,10,October,2,15,A,M,GWFG,,34.28,-91.48,47.9,56.6,65.8,111,89.4,424,2475.1,2402,2333.4,2260.3,880.2,27.4,470.8,237.6,270.1933168,30.7,515.34,84.48,1357.2,60.66,94.66,15.52
174,10/20/16-6,10/20/2016,2016,10,October,2,15,A,F,GWFG,,34.27,-91.48,47.8,54.5,65,108.8,84.5,417,2190.6,2057.1,2039,1905.5,746.1,29.7,379.4,203.8,235.9999112,31.63,415.72,81.5,1134.4,60.32,94.38,18.5
182,10/25/16-1,10/25/2016,2016,10,October,2,20,A,M,GWFG,,34.28,-91.41,48.3,56.3,64.6,106,86.2,420,2408.1,2350.8,2236.8,2179.5,965.5,48.7,413.5,241.5,415.0161928,42.98,461.55,83.84,1194.8,55.31,88.93,16.16
183,10/25/16-2,10/25/2016,2016,10,October,2,20,A,F,GWFG,,34.28,-91.41,50.4,58.5,62.6,108.8,81,401,2189.6,2095.9,2047.8,1954.1,868.7,57.1,381.9,222.4,377.3701382,43.44,402.85,81.99,1074.7,55.3,88.48,18.01
184,10/25/16-3,10/25/2016,2016,10,October,2,20,J,M,GWFG,,34.28,-91.41,54.4,61.7,63.8,112.6,87.9,387,2343.1,2282.6,2203,2142.5,927.8,50.2,407.2,226.7,406.4903971,43.81,425.49,81.62,1203.8,56.47,95.82,18.38
185,10/25/16-4,10/25/2016,2016,10,October,2,20,A,M,GWFG,,34.28,-91.41,49.7,59,63,112.1,85.2,426,2454.4,2385.2,2296.6,2227.4,907.7,35.9,405,233.4,352.9342048,38.88,462.37,83.34,1313.5,59.13,92.4,16.66
186,10/25/16-5,10/25/2016,2016,10,October,2,20,A,M,GWFG,,34.28,-91.47,50.4,57.9,63.9,107.9,86.7,430,2018.4,1969.2,1867.5,1818.3,736.7,28.8,378.7,204.9,233.6677729,31.72,414.06,82.31,1072,59.27,88.98,17.69
187,10/25/16-6,10/25/2016,2016,10,October,2,20,J,M,GWFG,,34.27,-91.48,50.6,59.3,69.4,112.7,94,428,2652,2485.2,2528.3,2361.5,1098.5,79.5,424,229.4,521.6508256,47.49,495.16,85.84,1251.9,53.26,81.69,14.16
188,10/25/16-7,10/25/2016,2016,10,October,2,20,A,F,GWFG,,34.27,-91.48,48.2,53.2,64.9,107,86.2,414,2667,2500.5,2523.9,2357.4,1068,82.2,434.2,218.8,481.6782179,45.1,483.68,82.49,1271.1,54.34,102.64,17.51
189,10/25/16-8,10/25/2016,2016,10,October,2,20,A,M,GWFG,,34.27,-91.48,50.9,57.9,69.5,116.7,88,433,2524.5,2403.3,2346,2224.8,1041.5,71,405.2,229.4,444.805976,42.71,490.28,82.17,1165.4,52.81,106.42,17.83
190,10/27/16-1,10/27/2016,2016,10,October,2,22,A,M,GWFG,,34.47,-91.69,51.1,58.2,65.7,107.3,84.5,428,2332,2264.3,2158.2,2090.5,945,62.2,395.3,212.9,453.6379223,48,416.39,84.74,1130.3,54.46,74.98,15.26
191,10/27/16-2,10/27/2016,2016,10,October,2,22,J,F,GWFG,,34.47,-91.69,45.3,52.3,56.6,98.8,78.7,391,1534,1475.9,1445.9,1387.8,580.7,27.5,275.6,139.1,225.4397705,38.82,285.89,80.47,793.5,57.74,69.37,19.53
192,10/27/16-3,10/27/2016,2016,10,October,2,22,J,M,GWFG,,34.47,-91.69,53.3,60.9,66.1,111.6,85.8,406,2228.1,2163.6,2095.6,2031.1,881.7,57.3,358.4,174.6,392.259476,44.49,412.12,84.2,1137.1,56.33,77.32,15.8
193,10/27/16-4,10/27/2016,2016,10,October,2,22,A,M,GWFG,,34.46,-91.8,52.3,58.4,68.1,112.1,90,450,2509.6,2409.3,2355.3,2255,955.1,48.8,430.4,229.7,374.1652913,39.18,487.75,83.96,1273.9,57.15,93.18,16.04
194,10/27/16-5,10/27/2016,2016,10,October,2,22,A,M,ROGO,W,34.46,-91.8,40.6,49.4,54.2,90.3,87.4,400,1530.9,1412.6,1418.3,1300,503,18.1,238.1,137.9,158.9929925,31.61,282.83,82.22,786.4,60.99,61.18,17.78
198,11/1/16-1,11/1/2016,2016,11,November,2,27,A,M,GWFG,,34.47,-91.7,50.9,56.8,66.8,112.1,88,448,2631.1,2534.3,2470.1,2373.3,1056.5,58.3,441.7,238.7,451.0909906,42.7,496.61,82.03,1307.1,55.3,108.8,17.97
199,11/1/16-2,11/1/2016,2016,11,November,2,27,A,M,GWFG,,34.47,-91.7,47.1,55.4,61.2,107.9,87.3,432,2596.7,2546.6,2406.6,2356.5,1015.7,60.4,463.4,238.1,428.7021479,42.21,471.21,80.27,1314.9,56.42,115.79,19.73
200,11/1/16-3,11/1/2016,2016,11,November,2,27,A,F,GWFG,,34.47,-91.7,46.1,51.1,60,101.5,82.3,393,1999.6,1935.1,1877.4,1812.9,798.5,68.5,344.2,169.8,343.3512403,43,378.52,83.16,998.7,55.57,76.63,16.84
201,11/1/16-4,11/1/2016,2016,11,November,2,27,A,M,GWFG,,34.46,-91.78,53.9,60.9,69.1,113.2,88.8,422,2530.1,2416.4,2409.5,2295.8,1157.4,91.3,397.8,194,660.5275466,57.07,418.65,84.26,1111.8,49,78.23,15.74
202,11/1/16-5,11/1/2016,2016,11,November,2,27,A,M,GWFG,,34.47,-91.8,52.7,59,64.7,109.6,84.5,421,2773.5,2627.5,2606.9,2460.9,1064.5,70.3,435,211.9,399.5836125,37.54,554,83.32,1366.7,56.22,110.91,16.68
203,11/1/16-6,11/1/2016,2016,11,November,2,27,A,M,GWFG,,34.47,-91.8,55.3,62.5,72.8,120.8,96.5,434,2989.9,2856.5,2815.1,2681.7,1342.2,72.6,519.7,262.8,612.2745608,45.62,629.1,86.19,1312.7,49.44,100.83,13.81
226,11/3/16-1,11/3/2016,2016,11,November,2,29,A,M,GWFG,,34.48,-91.69,51.8,58.7,67.5,116,89.8,438,2421.2,2379.8,2264.5,2223.1,826.7,20.6,472.6,248.3,230.0539862,27.83,489.3,82.01,1384.7,62.62,107.34,17.99
227,11/3/16-2,11/3/2016,2016,11,November,2,29,A,M,GWFG,,34.47,-91.68,50.5,59,67.4,114.8,89.9,423,2510.1,2469.7,233.5,193.1,1081.9,77.8,439.3,243.2,500.4659724,46.26,487.07,83.77,1178.4,52.13,94.37,16.23
228,11/3/16-3,11/3/2016,2016,11,November,2,29,A,M,SNGO,W,34.46,-91.78,55.8,66.4,62.5,117.5,94.2,440,2595.8,2495.6,2430.3,2330.1,1136.4,119.3,393.5,198,581.4608539,51.17,456.19,82.21,1179.7,50.93,98.75,17.79
229,11/3/16-4,11/3/2016,2016,11,November,2,29,A,F,GWFG,,34.46,-91.78,48.3,57,62.5,107,83.5,431,2598.8,2533.3,2430.8,2365.3,1166.7,83.7,431.6,221.9,617.6494796,52.94,473.71,86.28,1182.3,50.33,75.34,13.72
230,11/3/16-5,11/3/2016,2016,11,November,2,29,A,M,SNGO,W,34.46,-91.8,37.9,45.6,41.2,87.3,87.5,381,1548.3,1474.5,1457.8,1384,551.9,28.1,235.4,119.3,224.1565013,40.62,272.69,83.2,816.2,59.66,55.06,16.8
232,11/8/16-1,11/8/2016,2016,11,November,2,34,A,F,GWFG,,34.46,-91.78,49.2,56.5,64.2,105.7,81.2,408,2137.3,2100.2,1984,1946.9,951.6,78.9,377.2,201.5,445.3504887,46.8,416.91,82.35,991.8,51.03,89.34,17.65
233,11/8/16-2,11/8/2016,2016,11,November,2,34,A,M,GWFG,,34.46,-91.78,51.7,59.8,67,111.5,87.8,430,2829.8,2775.8,2622.5,2568.5,1087.5,74.8,471.7,249.1,464.8880976,42.75,519.88,83.5,1479.9,57.64,102.73,16.5
234,11/8/16-3,11/8/2016,2016,11,November,2,34,A,F,GWFG,,34.47,-91.79,46.5,54.7,65.7,106.2,87.9,414,2677.5,2619,2516.8,2458.3,1224.8,78.5,420.8,199.6,589.4414841,48.13,531.11,83.59,950,43.68,104.24,16.41
235,11/8/16-4,11/8/2016,2016,11,November,2,34,A,M,SNGO,W,34.47,-91.79,61.7,74.7,70.4,126.8,105.1,449,2565,2461.8,2387.4,2284.2,883.1,31,442.5,236.7,259.8047547,29.42,505.43,81.09,1380.1,60.98,117.86,18.91
236,11/8/16-5,11/8/2016,2016,11,November,2,34,A,M,SNGO,W,34.46,-91.81,53.5,67,62.7,116.2,100,434,2396.2,2309.1,2233.7,2146.6,830.9,30.2,393.5,199.5,253.7004709,30.53,472.24,81.82,1299.6,61,104.96,18.18
237,11/8/16-6,11/8/2016,2016,11,November,2,34,A,M,GWFG,,34.46,-91.81,53.1,58.9,63.6,112.2,83.9,423,2490.3,2372.4,2345.3,2227.4,980.1,73.1,412.9,211.6,434.578735,44.34,457.26,83.82,1223.8,55.53,88.27,16.18
216,11/15/16-1,11/15/2016,2016,11,November,2,41,A,M,GWFG,,34.43,-91.72,56.1,63,67.7,114.4,90.7,434,2715,2640.8,2540.6,2466.4,1058.1,61.9,441.4,220.9,469.0159128,44.33,497.96,84.53,1369.7,56.42,91.12,15.47
217,11/15/16-2,11/15/2016,2016,11,November,2,41,A,F,GWFG,,34.45,-91.74,48.6,57.1,61.4,107.1,85.3,412,2603.4,2541,2471.6,2409.2,972.6,54.5,462.6,222.7,397.6902879,40.89,483.72,84.14,1403.2,59.06,91.19,15.86
218,11/21/16-1,11/21/2016,2016,11,November,2,47,A,M,GWFG,,34.42,-91.73,48.1,56.9,64.5,108.3,85.6,414,2640.8,2541.5,2438.5,2339.2,990.6,25.1,427.1,235,354.8209712,35.82,533.69,83.94,1305.4,56.86,102.09,16.06
219,11/22/16-1,11/22/2016,2016,11,November,2,48,A,M,GWFG,,34.37,-91.53,57.2,65.6,70.8,118.1,93.9,428,2736.9,2603.1,2569.5,2435.7,1095.7,88.6,473.8,247.4,509.4796219,46.5,493.05,84.11,1328.6,54.8,93.17,15.89
220,11/22/16-2,11/22/2016,2016,11,November,2,48,A,F,GWFG,,34.37,-91.53,47.7,56,61.3,105.8,79.7,393,2071,1961.4,1962.6,1853,835.1,64.7,321.1,167,388.6695341,46.54,363.72,81.47,996.7,54.41,82.71,18.53
221,11/22/16-3,11/22/2016,2016,11,November,2,48,A,F,SNGO,W,34.37,-91.53,55.6,64.3,62.7,113.8,93.3,426,2114.1,2030.6,1935.5,1852,702,29.6,379.6,195.8,235.9988112,33.62,393.56,84.46,1134,61.76,72.44,15.54
222,11/22/16-4,11/22/2016,2016,11,November,2,48,A,M,SNGO,W,34.37,-91.53,53.4,66.5,66.1,114.8,100.1,450,2260.4,2174.4,2067,1981,746.5,33.8,383,196.2,224.8036038,30.11,429.88,82.4,1215.6,61.95,91.82,17.6
223,11/29/16-1,11/29/2016,2016,11,November,2,55,A,M,GWFG,,34.45,-91.73,53.4,60.3,69.2,111.9,91.2,426,2626.6,2582.3,2415.3,2371,988.2,61,479.2,239.5,391.2401856,39.59,496.32,83.14,1369.1,58.08,100.64,16.86
224,11/29/16-2,11/29/2016,2016,11,November,2,55,A,M,GWFG,,34.41,-91.54,50.5,57.6,69,111.5,91,442,2707.1,2526.8,2541.9,2361.6,1025.4,36.6,460.4,234.5,372.8928442,36.37,541.11,82.93,1309.6,56.09,111.4,17.07
225,11/29/16-3,11/29/2016,2016,11,November,2,55,A,F,GWFG,,34.41,-91.54,46.8,54.3,62.2,104.4,83.5,411,2290.7,2174.6,2132.4,2016.3,880.8,49.6,392.9,196.1,376.3179497,42.72,426.67,84.58,1126.7,56.12,77.81,15.42
240,12/1/16-1,12/1/2016,2016,12,December,2,57,A,F,GWFG,,34.47,-91.7,52,59.6,66.7,110.4,87.1,425,2527.7,2438.8,2367.8,2278.9,883.1,39.5,437.4,220.3,320.1954892,36.26,474.37,84.27,1371.9,60.84,88.53,15.73
286,12/6/16-1,12/6/2016,2016,12,December,2,62,A,F,GWFG,,34.45,-91.74,50,57.1,66.6,109.7,86.3,410,2238.2,2205.5,2069.9,2037.2,1007.4,80.9,388.6,206.2,489.8722627,48.63,429.55,83,1027.6,50.5,87.98,17
287,12/6/16-2,12/6/2016,2016,12,December,2,62,A,M,SNGO,B,34.27,-91.53,58.4,69.4,65.1,119.3,102.2,436,2447.3,2357.4,2257.8,2167.9,805.3,24.1,415.7,193.2,225.9756293,28.06,477.49,82.42,1339.5,62.45,101.83,17.58
288,12/6/16-3,12/6/2016,2016,12,December,2,62,J,F,GWFG,,34.36,-91.53,51.6,60.9,68.8,108,88.6,41.7,2666.2,2560.5,2485,2379.3,1140.2,59.5,414.4,206.4,550.1025039,48.25,489.28,82.91,1220.5,51.7,100.82,17.09
289,12/6/16-4,12/6/2016,2016,12,December,2,62,J,M,GWFG,,34.36,-91.53,55.6,61.2,66.4,112.8,87.5,415,2688.6,2560.9,2538,2410.3,1050.7,77.3,442.9,217.9,487.9177704,46.44,488.97,86.88,1338.1,56.02,73.82,13.12
290,12/6/16-5,12/6/2016,2016,12,December,2,62,A,F,ROGO,W,34.36,-91.53,39.2,46.3,48.8,84.5,77.9,368,1305.3,1228.4,1178.9,1102,474.1,25.2,181.5,98.4,210.8531879,44.47,223.97,85.08,616.5,56.53,39.28,14.92
291,12/6/16-6,12/6/2016,2016,12,December,2,62,A,M,ROGO,W,34.36,-91.53,39.2,47.3,52.8,89.8,86,396,1581.1,1518.7,1427.4,1365,579.9,46.7,262.8,142,255.1185068,43.99,278.89,85.87,773.9,57.17,45.89,14.13
292,12/6/16-7,12/6/2016,2016,12,December,2,62,A,F,ROGO,W,34.36,-91.53,37.7,45.2,48.6,81.4,82.1,359,1401.1,1359.3,1262.8,1221,561,47.9,212.5,120.8,276.7098465,49.32,238.82,84,657.1,53.94,45.47,16
293,12/6/16-8,12/6/2016,2016,12,December,2,62,A,M,SNGO,W,34.36,-91.53,56.1,65.7,66,116.6,101.7,443,2339.6,2214.5,2119.4,1994.3,760.2,31.7,375,192.8,234.022279,30.78,434.88,82.65,1223.5,61.68,91.3,17.35
294,12/6/16-9,12/6/2016,2016,12,December,2,62,A,F,SNGO,W,34.36,-91.53,55.3,65,59.7,114.3,92.9,415,2278.1,3139.1,2108.2,2969.2,792.8,40.8,1370.7,168.5,275.9233418,34.8,426.92,82.6,1155,59.3,89.95,17.4
247,12/11/16-1,12/11/2016,2016,12,December,2,67,A,F,SNGO,W,33.94,-91.52,49.8,59.4,56,109,92.7,421,2016.9,1899.6,1862.8,1745.5,710.1,27.3,365.2,177.7,241.2821154,33.98,380.93,81.25,1019.3,58.94,87.89,18.75
248,12/11/16-2,12/11/2016,2016,12,December,2,67,J,F,SNGO,W,33.94,-91.52,52.2,60.4,58.6,110.5,95.7,397,2112.2,2053.9,2015,1956.7,890.7,89,339.7,171.2,440.0622246,49.41,390.26,86.6,1037.6,53.81,60.38,13.4
249,12/11/16-3,12/11/2016,2016,12,December,2,67,A,F,SNGO,B,33.94,-91.52,50.9,62.9,63.3,113.8,97.1,428,2260,2150.5,2115.5,2006,858.4,70.3,372.2,191.8,336.1873089,39.16,426.82,81.73,1126.9,56.76,95.39,18.27
250,12/11/16-4,12/11/2016,2016,12,December,2,67,J,F,SNGO,W,33.94,-91.52,52.5,62.3,61.8,114.8,92.2,40.8,1943,1831.4,1840.5,1728.9,641.8,16.6,331.4,162.1,198.9304249,31,370.24,83.6,1071,62.53,72.63,16.4
251,12/13/16-1,12/13/2016,2016,12,December,2,69,A,M,SNGO,W,33.86,-91.41,55.1,66.4,65.8,119.5,102.3,446,2733.4,2678.9,2429.5,2375,910.1,37.1,441,226.8,310.037418,34.07,499.23,83.2,1461.6,61.63,100.84,16.8
252,12/13/16-2,12/13/2016,2016,12,December,2,69,J,M,SNGO,W,33.87,-91.42,53.8,65.6,63.1,113.6,95,394,1794.8,1728.3,1696.9,1630.4,567.1,26.5,316.4,156.4,171.3014412,30.21,331.89,83.85,1044.4,64.81,63.9,16.15
253,12/13/16-3,12/13/2016,2016,12,December,2,69,A,F,GWFG,,33.51,-91.24,45.6,53.5,61.3,103.6,81.8,416,2443.2,2369.6,2243.4,2169.8,1004.1,73.8,396.8,207.4,502.0475743,50,436.6,86.96,1148.1,53.35,65.45,13.04
254,12/13/16-4,12/13/2016,2016,12,December,2,69,A,M,SNGO,B,33.87,-91.43,52.7,65.1,63.1,110.8,96.8,431,2335.7,2235,2191,2090.3,889.5,66.1,371.7,191.6,338.8248025,38.09,447.48,81.26,1171,56.83,103.2,18.74
255,12/13/16-5,12/13/2016,2016,12,December,2,69,J,M,SNGO,B,33.87,-91.43,54.3,61.8,59.4,112.6,96.1,395,2097.8,1881.2,1991.6,1775,686.8,40.5,335.4,171.8,219.3020976,31.93,390.33,83.49,1067.5,60.85,77.17,16.51
256,12/13/16-6,12/13/2016,2016,12,December,2,69,A,F,SNGO,B,33.87,-91.43,53.7,63.5,59.6,112,93,422,2278.8,2119.9,2133.6,1974.7,887.8,59.8,347.7,183.1,375.2428032,42.27,419.1,81.77,1088.7,55.08,93.46,18.23
257,12/13/16-7,12/13/2016,2016,12,December,2,69,A,F,SNGO,B,33.87,-91.43,50.1,60.3,60.7,109.8,92.6,405,2126.1,1955.6,2006.1,1835.6,753.1,42.4,342.1,168.2,263.1940814,34.95,411.03,83.9,1069.4,58.68,78.88,16.1
258,12/13/16-8,12/13/2016,2016,12,December,2,69,A,F,ROGO,W,33.87,-91.43,36.4,46.5,50.5,84.3,80.2,375,1336.5,1245.6,1214.5,1123.6,412.8,10.3,229.1,118.6,114.7488323,27.8,247.92,83.18,701.2,62.94,50.13,16.82
259,12/13/16-9,12/13/2016,2016,12,December,2,69,A,M,ROGO,W,33.87,-91.43,36.6,43.9,45.3,82.3,75.3,376,1349.7,1279.3,1246.8,1176.4,500.3,28.1,203,110.3,202.5102096,40.48,255.14,85.68,667.4,57.16,42.65,14.32
275,12/23/16-1,12/23/2016,2016,12,December,2,79,A,M,GWFG,,34.4,-91.61,53.2,60,68.9,113.8,89.3,442,2700.3,2549.9,2494.5,2344.1,923.1,33.3,490.9,239.9,295.3479297,32,496.69,79.12,1367.8,59.71,131.06,20.88
276,12/23/16-2,12/23/2016,2016,12,December,2,79,A,M,GWFG,,34.46,-91.59,54.3,60.4,67.8,11.7,86.6,427,2541.4,2415.1,2331.8,2205.5,865.2,34.7,437.1,213.4,292.257763,33.78,473.36,82.62,1314.6,60.31,99.58,17.38
277,12/23/16-3,12/23/2016,2016,12,December,2,79,A,F,GWFG,,34.41,-91.54,51.5,56.8,66.7,105.9,86.7,390,2031.2,1875.9,1883.2,1727.9,540.7,0,347.9,165.8,46.64954018,8.63,406.34,82.25,1162.3,68.25,87.71,17.75
278,12/23/16-4,12/23/2016,2016,12,December,2,79,A,M,GWFG,,34.41,-91.54,53.5,60.7,69.3,114,91.2,429,2573.7,2493.6,2399.3,2319.2,982.9,46.6,448.5,225.4,360.059222,36.63,506.93,81.39,1318.3,57.29,115.91,18.61
279,12/26/16-1,12/26/2016,2016,12,December,2,82,A,M,GWFG,,33.87,-91.42,49.6,56.2,70.9,112.2,92.3,45.4,2623.2,2441.3,2413.4,2231.5,906.7,26,411.8,207.8,340.6655098,37.57,455.16,80.41,1309.5,59.09,110.88,19.59
280,12/26/16-2,12/26/2016,2016,12,December,2,82,A,M,GWFG,,33.87,-91.42,49.1,58,67.9,113,90.8,446,2807.7,2715.3,2625.4,2533,1048.1,44.8,468.3,263,390.0880574,37.22,538.37,81.82,1445.1,57.96,119.64,18.18
281,12/26/16-3,12/26/2016,2016,12,December,2,82,J,M,GWFG,,33.84,-91.41,52.5,57.8,65.4,108.3,90.9,418,2091.3,2019.1,1955.2,1883,681.5,14.4,376.8,181,169.5653393,24.88,424.19,82.86,1197.8,63.74,87.75,17.14
282,12/26/16-4,12/26/2016,2016,12,December,2,82,J,M,GWFG,,33.84,-91.41,47.7,54.1,59.7,106.3,79.8,403,2040.8,1968.7,1882,1809.9,619.3,18.1,317.3,157.4,176.9909537,28.58,368.43,83.3,1153.1,65.06,73.88,16.7
283,12/26/16-5,12/26/2016,2016,12,December,2,82,A,M,GWFG,,33.86,-91.41,50.3,55.5,64.4,111.1,88.4,438,2764.3,2523,2577.5,2336.2,1035.1,44.7,428.2,229.8,378.6494703,36.58,547.99,83.48,1282.8,55.34,108.46,16.52
86,1/3/17-1,1/3/2017,2017,1,January,2,90,A,F,SNGO,B,34.37,-91.53,50.2,58.5,56,106.4,90.4,394,1975.6,1908.6,1768.1,1701.1,636,29.7,336.7,158.9,186.9556426,29.4,371.4,82.71,1054.2,62.37,77.64,17.29
87,1/3/17-10,1/3/2017,2017,1,January,2,90,A,M,GWFG,,34.26,-91.53,45.8,56.9,65.8,108.3,85.3,416,2667.8,2576.2,2432.7,2341.1,981.3,49.3,455.8,240.7,344.4864752,35.11,525.04,82.45,1348.9,57.89,111.77,17.55
88,1/3/17-11,1/3/2017,2017,1,January,2,90,A,M,GWFG,,34.27,-91.53,51.2,59.6,69.2,112.3,89.6,429,2771.2,2693.1,2593.1,2515,1073.6,52.1,511.6,257.8,387.5111812,36.09,575.38,83.86,1413.8,56.84,110.71,16.14
89,1/3/17-2,1/3/2017,2017,1,January,2,90,A,M,SNGO,W,34.37,-91.53,53.4,62.3,55.3,113,89,427,2140.3,2065.5,1947.6,1872.8,777,34.1,347.8,171,281.5310159,36.23,407.02,82.15,1076.2,58.07,88.45,17.85
90,1/3/17-3,1/3/2017,2017,1,January,2,90,A,M,SNGO,W,34.37,-91.53,56.1,65.5,66.3,115.4,101.3,451,2407.2,2358.2,2217.6,2168.6,854.4,37.1,410,209.5,277.732777,32.51,471.59,81.78,1306.1,60.45,105.07,18.22
91,1/3/17-4,1/3/2017,2017,1,January,2,90,A,M,SNGO,B,34.37,-91.53,60.1,69.4,64.7,120.5,101.9,446,2625.4,2526.2,2434.7,2335.5,941.8,40,468.5,242.8,314.0204701,33.34,526.96,83.94,1377.8,59.4,100.82,16.06
92,1/3/17-5,1/3/2017,2017,1,January,2,90,A,M,SNGO,B,34.37,-91.53,54.2,67,61.3,115.5,98.8,433,2269,2141.3,2071.6,1943.9,667.9,13.4,387.9,188.2,142.4504847,21.33,439.17,83.58,1260.9,65.37,86.28,16.42
93,1/3/17-6,1/3/2017,2017,1,January,2,90,A,F,SNGO,B,34.37,-91.53,56.3,64.6,57.5,111.6,92.2,418,2126.5,2028.3,1987.3,1889.1,716.2,22.8,389.2,168.4,239.4914379,33.44,410.44,86.1,1154.6,61.72,66.27,13.9
94,1/3/17-7,1/3/2017,2017,1,January,2,90,J,M,SNGO,W,34.37,-91.53,55.4,66.7,63.7,112.7,94.8,413,2100.8,2024.1,1980.2,1903.5,757.9,49.8,360.6,182.5,290.8271185,38.37,391.68,83.86,1133,59.92,75.39,16.14
95,1/3/17-8,1/3/2017,2017,1,January,2,90,J,M,SNGO,W,34.37,-91.53,58.5,69.2,63.7,123.6,97,420,2373.4,2276.3,2222.1,2125,840.3,33.9,402.8,212.7,304.1357813,36.19,452.24,84.35,1261.4,60.02,83.92,15.65
96,1/3/17-9,1/3/2017,2017,1,January,2,90,J,F,SNGO,B,34.37,-91.53,50.9,61.6,64,110.9,98.3,403,2304.1,2160.3,2159.7,2015.9,795.5,45.8,384.5,179.2,313.1032143,39.36,401.28,83.18,1204.2,60.22,81.12,16.82
104,1/5/17-1,1/5/2017,2017,1,January,2,92,A,M,GWFG,,33.86,-91.41,51.7,60.5,68,116.2,90.6,430,2647.7,2479.2,2471,2302.5,819.2,17.4,452.3,247.9,236.8630335,28.91,486.33,83.51,1432.7,63.62,96.01,16.49
105,1/5/17-10,1/5/2017,2017,1,January,2,92,A,F,SNGO,W,34.11,-91.39,49.1,59.6,52.3,104.5,85.1,390,1730.4,1659.9,1590.3,1519.8,615.3,27.8,298.6,153.1,228.4918178,37.14,324.31,83.84,902.3,59.46,62.5,16.16
106,1/5/17-11,1/5/2017,2017,1,January,2,92,A,F,SNGO,W,34.11,-91.39,53.5,64,57.1,112,92.7,441,2086.6,1956.1,1917.4,1786.9,618.7,3.4,337.2,167.6,135.5447227,21.91,400.85,82.97,1156.8,65.15,82.31,17.03
107,1/5/17-12,1/5/2017,2017,1,January,2,92,A,M,SNGO,B,34.11,-91.39,53.3,63.3,65.1,114.8,94.8,422,2278.7,2184.5,2120.8,2026.6,774.3,23.6,387.4,176.1,250.2790378,32.32,434.3,82.88,1238.6,61.53,89.72,17.12
108,1/5/17-2,1/5/2017,2017,1,January,2,92,A,F,GWFG,,33.86,-91.41,47.1,54.8,61.6,105.2,80,406,2116,2044.8,1922,1850.8,760,27.2,339.6,174.7,258.773109,34.05,421.13,84.02,1085.5,58.82,80.09,15.98
109,1/5/17-3,1/5/2017,2017,1,January,2,92,A,F,SNGO,W,34.11,-91.39,50,59.6,55.6,107.5,87.3,412,1873.5,1775.8,1718.2,1620.5,613.2,17.1,311.8,161.9,174.7911253,28.5,368.29,84.01,988.6,61.72,70.12,15.99
110,1/5/17-4,1/5/2017,2017,1,January,2,92,A,M,SNGO,B,34.11,-91.39,53.1,62.9,65.6,114.7,100.8,457,2400.5,2265.7,2183.6,2048.8,778.7,30,388.9,186.4,187.0229356,24.02,486.68,82.26,1250.2,61.62,104.99,17.74
111,1/5/17-5,1/5/2017,2017,1,January,2,92,J,F,SNGO,W,34.11,-91.39,50.8,58.8,58.7,107.3,90.9,397,1820.5,1678,1687.4,1544.9,561.2,20.1,295.1,142.1,136.3165169,24.29,361.03,84.97,972.1,63.4,63.85,15.03
112,1/5/17-6,1/5/2017,2017,1,January,2,92,A,M,SNGO,B,34.11,-91.39,54,63.9,63.9,101.7,96.9,417,2203.6,2105,2030.2,1931.6,884.2,39.8,376.9,173.8,352.3882358,39.85,458.13,86.15,1035.4,53.94,73.68,13.85
113,1/5/17-7,1/5/2017,2017,1,January,2,92,A,F,SNGO,W,34.11,-91.39,51.7,62.1,60.2,113,94.2,424,2292.2,2181.6,2132.1,2021.5,770.6,26,392.3,198,245.8778039,31.91,434.03,82.72,1239.5,61.66,90.69,17.28
114,1/5/17-8,1/5/2017,2017,1,January,2,92,A,M,SNGO,W,34.11,-91.39,52.3,63.8,65.7,114.6,100.5,436,2354,2210.4,2157.6,2014,730.5,19.5,380.9,189.6,172.3265199,23.59,459.01,82.23,1289.8,63.84,99.17,17.77
115,1/5/17-9,1/5/2017,2017,1,January,2,92,A,M,SNGO,W,34.11,-91.39,53.2,67.7,60.3,115.6,97.4,440,2231.4,2151.9,2058.7,1979.2,757.7,41.5,355.9,175.3,242.3384352,31.98,413.97,80.33,1206.4,61.42,101.39,19.67
120,1/7/17-1,1/7/2017,2017,1,January,2,94,A,M,SNGO,W,33.84,-91.46,50.4,59.7,57.4,110.1,94.6,426,2042.1,1904.9,1876.9,1739.7,661.1,18.3,331.6,163.1,163.7093654,24.76,411.64,82.76,1078.4,61.99,85.75,17.24
121,1/7/17-2,1/7/2017,2017,1,January,2,95,J,F,SNGO,W,33.84,-91.46,50.7,60.6,56,107.8,91.5,378,1833.2,1751.8,1758.2,1676.8,613.1,23.1,337.9,176.1,197.2529144,32.17,341,82,1054,63.22,74.84,18
122,1/7/17-3,1/7/2017,2017,1,January,2,96,A,M,ROGO,W,33.84,-91.46,43.1,53.9,51.5,90.6,94.6,382,1585.3,1442.6,1499.9,1357.2,486.9,12.5,279.1,145.4,132.6225555,27.24,297.14,83.87,857,63.77,57.14,16.13
123,1/7/17-4,1/7/2017,2017,1,January,2,97,J,F,SNGO,W,33.84,-91.46,48.9,60.4,60.7,106,92,374,1610.1,1509.3,1533.6,1432.8,590.4,32.1,293.4,151,231.9658605,39.29,304.85,85.05,843.6,58.83,53.59,14.95
124,1/7/17-5,1/7/2017,2017,1,January,2,98,A,F,SNGO,W,33.84,-91.46,53.1,63.6,57.8,112.6,91.3,427,2015,1909.6,1879.9,1774.5,735.7,30,351.6,186.3,274.1489618,37.26,383.33,83.05,1031.3,58.36,78.22,16.95
125,1/7/17-6,1/7/2017,2017,1,January,2,99,A,M,ROGO,W,33.84,-91.46,41.7,51.7,49.5,89,86.5,388,1351.8,1221.1,1243.5,1112.8,390.5,4.6,233.2,126.1,75.24020985,19.27,260.89,82.75,719.7,64.83,54.37,17.25
126,1/7/17-7,1/7/2017,2017,1,January,2,100,A,F,SNGO,W,33.84,-91.46,56.7,64.7,62.4,113.6,96,430,2286.2,2156.8,2147.1,2017.7,773.6,29.7,395,206.4,235.0390878,30.38,440.32,81.76,1238.5,61.55,98.24,18.24
127,1/7/17-8,1/7/2017,2017,1,January,2,101,A,M,ROGO,W,33.84,-91.46,40.5,48.9,47.6,89.1,82.9,398,1558.1,1442.1,1444.3,1328.3,507.4,16.5,257.1,137.4,169.1725973,33.34,284.59,84.14,821,61.8,53.64,15.86
5,1/10/17-1,1/10/2017,2017,1,January,2,97,A,F,SNGO,I,34.16,-91.56,51.8,62.8,55.3,112.7,88.8,410,1865.4,1757.4,1735.6,1627.6,635,30.2,326.3,167.8,218.3536514,34.39,340.61,81.75,980.4,60.69,76.03,18.25
6,1/10/17-10,1/10/2017,2017,1,January,2,97,A,M,GWFG,,34.16,-91.56,47.5,55.2,66.9,108,87.9,446,2377.8,2270.1,2205.4,2097.7,852.3,27.6,439.9,236.8,319.6912261,37.51,440.74,82.75,1233.9,59.15,91.87,17.25
7,1/10/17-11,1/10/2017,2017,1,January,2,97,A,F,SNGO,B,34.16,-91.56,50.1,62.4,59.9,108.4,91.5,408,1904.9,1848,1764.7,1707.8,608.8,12.2,374.3,175.1,157.2460384,25.83,374.71,82.98,1082.1,64,76.84,17.02
8,1/10/17-12,1/10/2017,2017,1,January,2,97,A,F,GWFG,,34.16,-91.56,50.7,57,61.7,108.2,81,40.9,2109.6,1980.2,1960.6,1831.2,654.9,18.5,398.6,202.7,150.72634,23.02,423.22,83.94,1168,64.07,80.96,16.06
9,1/10/17-2,1/10/2017,2017,1,January,2,97,A,M,GWFG,,34.16,-91.56,49.8,56.8,64.2,106.6,85.7,418,2133,2012.5,1977.2,1856.7,655.8,10.7,405.1,202.7,117.1925713,17.87,460.07,85.42,1183.4,64.34,78.54,14.58
10,1/10/17-3,1/10/2017,2017,1,January,2,97,A,M,ROGO,W,34.16,-91.56,41.6,59.7,51,91,83.7,381,1477.7,1395.9,1364.2,1282.4,486.4,20.4,239.6,129.2,165.0586498,33.93,266.65,82.98,779.5,61.58,54.69,17.02
11,1/10/17-4,1/10/2017,2017,1,January,2,97,A,M,ROGO,W,34.16,-91.56,39.4,48.8,49.5,88.7,80.2,372,1483.4,1416.7,1374.8,1308.1,512.3,21.9,250.2,131.6,174.8533806,34.13,282.59,83.74,792.4,60.73,54.86,16.26
12,1/10/17-5,1/10/2017,2017,1,January,2,97,J,F,GWFG,,34.16,-91.56,46.9,55.4,61.4,108,84.4,391,2082.8,1963.6,1958.7,1839.5,754.6,32.9,373.6,192.3,266.1510564,35.27,412.55,84.46,1061.2,58.44,75.9,15.54
13,1/10/17-6,1/10/2017,2017,1,January,2,97,A,F,SNGO,B,34.16,-91.56,56.2,67.4,66.7,117.9,97.4,427,1951.6,1896.8,1807.5,1752.7,681.9,25.1,382.4,190.3,220.4343169,32.33,373.41,80.92,1009.1,59.67,88.05,19.08
14,1/10/17-7,1/10/2017,2017,1,January,2,97,A,M,GWFG,,34.16,-91.56,51.3,57.6,66.3,113.6,87.2,429,2321.9,2247.7,2169.2,2095,832.2,36.6,443.3,248.3,270.5106434,32.51,456.56,81.28,1245.2,59.94,105.13,18.72
15,1/10/17-8,1/10/2017,2017,1,January,2,97,A,F,ROGO,W,34.16,-91.56,37.3,44.2,51.6,82.9,81.5,372,1258,1215.1,1143.7,1100.8,395.9,11.5,215.9,113.2,110.5263425,27.92,238.63,83.62,697.5,63.79,46.74,16.38
16,1/10/17-9,1/10/2017,2017,1,January,2,97,A,M,SNGO,W,34.16,-91.56,54,64,58.4,112.2,94.1,435,1981,1931.1,1944.7,1894.8,655.9,23.1,382.9,194.8,166.9034223,25.45,410.28,83.9,1121.7,63.1,78.71,16.1
67,1/20/17-1,1/20/2017,2017,1,January,2,107,A,F,SNGO,W,33.86,-91.41,52.3,64.5,63.2,114.5,99.5,426,2112.1,2062.5,1951.9,1902.3,742.8,44,378,200.7,249.2038111,33.55,406.29,82.31,1148.2,60.72,87.31,17.69
68,1/20/17-2,1/20/2017,2017,1,January,2,107,A,M,GWFG,,33.86,-91.41,49.3,58.5,64.4,109.5,87.8,436,2350.3,2303,2181.1,2133.8,816.5,30.9,463.7,240,252.2761717,30.9,461.12,81.73,1309.1,61.59,103.1,18.27
69,1/20/17-3,1/20/2017,2017,1,January,2,107,A,M,GWFG,,33.87,-91.4,51.2,59.4,65.3,112.4,90.6,432,2346.7,2292.4,2166.3,2112,819.9,32.3,402.8,201.6,258.1319762,31.48,455.36,81.06,1101.7,57.33,106.41,18.94
70,1/20/17-4,1/20/2017,2017,1,January,2,107,A,M,SNGO,W,33.87,-91.4,57,66.5,65.7,118.7,101.9,440,2412.6,2351.4,2191.3,2130.1,826.2,28,402,197.1,235.4459123,28.5,479.34,81.14,1292.8,61.01,111.42,18.86
71,1/25/17-1,1/25/2017,2017,1,January,2,112,A,F,GWFG,,34.38,-91.53,50.5,56.6,67.1,111.4,89.1,423,2396.4,2265.1,2215,2083.7,797.6,15.9,393.5,204.8,246.8893234,30.95,444.54,80.72,1274.7,61.51,106.17,19.28
72,1/25/17-2,1/25/2017,2017,1,January,2,112,J,F,GWFG,,34.38,-91.53,48.5,57.3,60.4,105.3,84.7,406,1960.1,1834.1,1798.1,1672.1,614.3,21.7,339,172.8,169.5624374,27.6,367.02,82.52,1047.7,63.04,77.72,17.48
73,1/25/17-3,1/25/2017,2017,1,January,2,112,A,M,GWFG,,34.38,-91.53,53.3,60.5,66.6,112.3,88.6,427,2483.3,2337.4,2321.7,2175.8,828.7,26,410.6,211.3,239.8685232,28.95,475.3,80.72,1335.4,61.71,113.54,19.28
97,1/30/17-1,1/30/2017,2017,1,January,2,117,A,M,GWFG,,33.83,-91.42,52.9,60.1,67.6,112,90.2,429,2420,2311.9,2239.8,2131.7,827.9,38,459.7,251.4,264.9817093,32.01,463.66,82.37,1278.1,60.69,99.26,17.63
98,1/30/17-2,1/30/2017,2017,1,January,2,117,A,M,SNGO,W,34.31,-91.49,54.5,63.3,61.2,112.9,98.3,420,2120.7,2033.4,1955.6,1868.3,675,18,375.6,191.3,184.3580383,27.31,409.64,83.49,1171,63.43,81,16.51
99,1/30/17-3,1/30/2017,2017,1,January,2,117,A,M,SNGO,B,34.31,-91.49,51.8,62.8,61.2,113.3,96.3,443,2227.7,2141.1,2061.3,1974.7,761.7,26.9,399.6,200.5,229.6626099,30.15,436.1,81.97,1196.3,61.1,95.93,18.03
100,1/30/17-4,1/30/2017,2017,1,January,2,117,A,M,GWFG,,34.38,-91.53,51.5,58.8,62.4,109.5,84.2,416,2156.9,2030.3,2003.9,1877.3,770.2,26.4,362.8,189,265.3635507,34.45,418.61,82.92,1102.5,58.87,86.23,17.08
101,1/30/17-5,1/30/2017,2017,1,January,2,117,A,M,GWFG,,34.37,-91.52,52.2,57,66.5,110.6,90,428,2411.4,2332.1,2261.7,2182.4,899.3,42.1,428.2,239.7,333.1761303,37.05,477.71,84.38,1261.4,58.38,88.41,15.62
102,1/30/17-6,1/30/2017,2017,1,January,2,117,A,F,SNGO,W,34.39,-91.54,50.7,61.2,63,112.7,97,426,2072,1971.4,1878.1,1777.5,693.4,17.1,371.5,187.5,228.7811931,32.99,389.1,83.75,1070.3,60.68,75.52,16.25
103,1/30/17-7,1/30/2017,2017,1,January,2,117,A,F,SNGO,W,34.39,-91.54,52.7,63.7,61.4,115.4,96.8,423,2306.4,2235.4,2061.9,1990.9,721.9,25,405.7,187.5,211.6714614,29.32,412.67,80.88,1267.5,63.71,97.56,19.12
342,2/5/17-1,2/5/2017,2017,2,February,2,123,A,F,GWFG,,33.68,-91.26,47.5,52.9,65.8,106.8,84.2,397,2123.9,1996.8,1971.7,1844.6,723.3,16.2,353.1,193.1,231.1620565,31.96,408.93,83.09,1111.1,60.57,83.2,16.91
343,2/5/17-2,2/5/2017,2017,2,February,2,123,A,M,GWFG,,33.68,-91.26,53.4,62.8,69.9,116.5,91.1,423,2468.3,2380.8,2289.7,2202.2,866.5,36.8,434.3,237.6,280.2483932,32.34,478.56,81.63,1315.1,60.28,107.69,18.37
344,2/5/17-3,2/5/2017,2017,2,February,2,123,A,M,GWFG,,33.68,-91.26,52.3,60.4,68.3,112.7,92.5,439,2545.3,2357.9,2362.6,2175.2,751.2,18.1,437.1,216.2,182.3780896,24.28,466.22,81.96,1376.5,64.69,102.61,18.04
345,2/5/17-4,2/5/2017,2017,2,February,2,123,A,F,GWFG,,33.68,-91.26,49.2,55.6,64.2,106.5,87.1,415,2159.2,2066.3,2006.1,1913.2,726.8,23.8,386.7,206.5,214.9835539,29.58,410.5,80.2,1155.6,61.39,101.32,19.8
346,2/5/17-5,2/5/2017,2017,2,February,2,123,A,F,ROGO,W,33.75,-91.28,38.1,44.7,50.7,84.3,81.6,390,1517.8,1373.2,1385.4,1240.8,400,6.1,249.3,131.1,75.44394713,18.86,271.26,83.58,821.8,67.26,53.3,16.42
300,2/10/17-1,2/10/2017,2017,2,February,2,128,A,F,GWFG,,33.68,-91.31,45,52.5,63.8,105.5,86.7,407,2244.1,2075.5,2086.4,1917.8,649.9,5.9,411.9,223.9,127.7356994,19.65,431.25,82.59,1250.8,65.81,90.91,17.41
301,2/10/17-2,2/10/2017,2017,2,February,2,128,J,M,GWFG,,33.68,-91.26,49.8,60.2,63.1,111.1,99.8,390,2058.9,1947.2,1862.4,1750.7,695.3,24.6,367.5,201.6,212.6462896,30.58,393.9,81.61,1046.7,60.09,88.75,18.39
302,2/10/17-3,2/10/2017,2017,2,February,2,128,A,M,GWFG,,33.68,-91.27,47.9,54.9,65,112.2,86.4,434,2512.8,2456.9,2307.6,2251.7,926.7,44.8,459.4,252.8,329.0488829,35.51,497.44,83.23,1314.4,58.65,100.21,16.77
303,2/10/17-4,2/10/2017,2017,2,February,2,128,J,F,GWFG,,33.68,-91.27,44.9,50.8,68.8,99.5,88.1,400,2288.7,2232.2,2135.5,2079,967.1,59,381.9,196.3,481.6607724,49.8,420.11,86.54,1094.9,53.1,65.33,13.46
304,2/10/17-5,2/10/2017,2017,2,February,2,128,J,M,SNGO,W,33.66,-91.27,59.2,67.3,66.6,120.2,106.3,388,1957.1,1782.6,1802,1627.5,579.4,14.1,334,178.4,140.2753273,24.21,356.68,81.22,1040.2,64.23,82.45,18.78
305,2/10/17-6,2/10/2017,2017,2,February,2,128,J,F,SNGO,B,33.66,-91.27,53.3,62.9,56.8,110.3,90,384,1712.3,1549.7,1610.2,1447.6,452.5,4.6,294.1,140.4,63.81238155,14.1,318.62,81.97,976.8,68.34,70.06,18.03
306,2/10/17-7,2/10/2017,2017,2,February,2,128,A,F,SNGO,W,33.66,-91.27,55.2,65.3,67.4,117.5,101.9,430,1981.2,1859.5,1835.2,1713.5,554.3,2,329.2,135.1,82.63844293,14.91,393.68,83.47,1142.3,67.33,77.98,16.53
307,2/10/17-8,2/10/2017,2017,2,February,2,128,A,M,ROGO,W,33.66,-91.27,41.3,50.4,53.7,89.8,86.2,374,1557.3,1425.7,1416.3,1284.7,426.7,3.4,251.6,129,75.75825925,17.75,295.39,84.17,848.2,66.53,55.56,15.83
308,2/10/17-9,2/10/2017,2017,2,February,2,128,J,F,ROGO,W,33.66,-91.27,33.2,40.4,47.5,81.6,74.8,327,889,777.7,819,707.7,207.7,0,139.7,68.9,9.236337064,4.45,164.3,82.79,496.9,70.52,34.16,17.21
320,2/15/17-1,2/15/2017,2017,2,February,2,133,A,F,GWFG,,33.68,-91.25,42.6,49.4,60.2,100,81.1,406,1927.7,1820,1778.3,1670.6,555.3,6.3,369,199.9,106.5996326,19.2,378.22,84.29,1089.3,66.23,70.48,15.71
321,2/15/17-2,2/15/2017,2017,2,February,2,133,A,F,GWFG,,33.68,-91.25,49.7,54.8,67.7,108.5,89.6,414,1983.1,1849.6,1846.2,1712.7,572.8,10.2,331.5,154.4,127.9286323,22.33,368,82.72,1120.3,66.17,76.87,17.28
322,2/15/17-3,2/15/2017,2017,2,February,2,133,A,M,GWFG,,33.69,-91.27,50.5,58.1,62.4,108.2,86.5,420,2126,2079.3,1972.9,1926.2,712.8,19.3,426.6,221.7,199.9308862,28.05,426.22,83.1,1204.8,62.83,86.65,16.9
323,2/15/17-4,2/15/2017,2017,2,February,2,133,A,F,GWFG,,33.69,-91.27,46.9,54.9,63.4,108.1,82.8,393,2248.6,2162.2,2090.6,2004.2,771.8,31.7,433.1,228.7,276.3582148,35.81,408.51,82.45,1206.9,60.99,86.93,17.55
324,2/15/17-5,2/15/2017,2017,2,February,2,133,A,M,SNGO,B,33.69,-91.27,54.5,65.2,63.3,113.8,95.4,436,1946,1811.6,1971.3,1836.9,563,11.1,318.8,166.7,115.4185434,20.5,363.39,81.19,1061.1,65.33,84.19,18.81
332,2/22/17-1,2/22/2017,2017,2,February,2,140,J,F,SNGO,B,33.69,-91.27,49.6,60.9,57,109.4,90.5,364,1670.5,1575.4,1555.4,1460.3,540.6,16.3,304.1,156.8,153.7225146,28.44,322.38,83.33,909.3,62.71,64.5,16.67
333,2/22/17-10,2/22/2017,2017,2,February,2,140,J,F,GWFG,,34.3,-91.49,46.9,52.3,62.5,102,84.2,385,1846.1,1711.6,1710.4,1575.9,541.8,9.9,325.6,157.2,125.8184164,23.22,337.53,81.14,1016.1,65.22,78.45,18.86
334,2/22/17-2,2/22/2017,2017,2,February,2,140,A,F,SNGO,W,33.69,-91.27,46.8,54.9,50.4,99.9,87.9,402,1723,1645.3,1589.4,1511.7,540.2,5.1,332.5,159.3,117.2142716,21.7,348.41,82.37,661.9,55.06,74.57,17.63
335,2/22/17-3,2/22/2017,2017,2,February,2,140,A,F,SNGO,B,33.69,-91.27,50.5,62,56.4,108.6,87.9,407,1777.4,1681.3,1634.2,1538.1,541.1,8.8,313.1,160.3,125.0085543,23.1,349.31,83.95,989,64.64,66.78,16.05
336,2/22/17-4,2/22/2017,2017,2,February,2,140,A,F,SNGO,B,33.69,-91.27,56.7,65.5,59.4,114.8,92.6,410,1984.6,1894.1,1825.7,1735.2,583.3,10.4,359.3,177.5,101.3704403,17.38,403.1,83.64,1140,66.15,78.83,16.36
337,2/22/17-5,2/22/2017,2017,2,February,2,140,J,F,SNGO,W,33.71,-91.29,52.8,64.2,56.4,112,90.6,396,1654.6,1616.4,1535.5,1497.3,564.1,17.9,298.5,152.4,161.8406806,28.69,323.73,80.48,916.4,61.9,78.53,19.52
338,2/22/17-6,2/22/2017,2017,2,February,2,140,A,M,SNGO,B,33.75,-91.28,50.6,60.7,57.3,111,96.9,410,1921.9,1843,1778.4,1699.5,657.8,11.8,357.8,178.4,148.9178611,22.64,411.41,80.85,1029.5,61.01,97.47,19.15
339,2/22/17-7,2/22/2017,2017,2,February,2,140,A,F,SNGO,B,34.37,-91.53,52.8,63.7,62,112.3,94.8,429,2001.3,1936.6,1852.4,1787.7,684.3,28.4,341.6,168.6,201.8809925,29.5,405.93,84.14,1083.6,61.29,76.49,15.86
340,2/22/17-8,2/22/2017,2017,2,February,2,140,A,F,SNGO,W,34.37,-91.53,49.9,58,55.5,107,88.1,383,1773.3,1681,1609.2,1516.9,501.5,3.5,279.2,138,89.94598681,17.94,343.84,83.55,1003.4,66.68,67.71,16.45
341,2/22/17-9,2/22/2017,2017,2,February,2,140,A,M,GWFG,,34.3,-91.49,48.4,54.3,65,106.3,87,426,2231.6,2106.6,2046.5,1921.5,682.6,8.3,373.3,185.3,138.6745921,20.32,437.72,80.47,1213.8,64.01,106.21,19.53
